model,sample_pos,test_index,mse,rmse,mae,bias_mean,max_abs_error,relative_l2
FNO,0,93,5.470776864301491e-16,2.3389691884036204e-08,1.4676422493671796e-08,-1.1065068682839639e-08,1.3427043654701265e-07,0.06512821544404336
FNO,1,2687,2.5218426807011343e-16,1.5880310704457688e-08,1.1111695657409631e-08,-7.509040335709254e-09,8.474648893752601e-08,0.01946954486631049
FNO,2,2381,1.818759886031418e-15,4.264692117880748e-08,2.979505816757826e-08,-1.731168280211964e-08,1.9830963537970092e-07,0.04522439011791391
FNO,3,2163,1.3291299280661219e-14,1.1528789737288654e-07,5.800184418286763e-08,4.952192115738585e-08,6.505059673145297e-07,0.16886759918603428
FNO,4,1776,7.104168750191403e-15,8.428623108308619e-08,5.9072103399385316e-08,-3.282712566497826e-08,3.668529870992643e-07,0.10196995323807852
FNO,5,2516,1.8426962159825133e-16,1.3574594712117608e-08,8.932553173819023e-09,-2.3873198781075785e-09,7.222982389976096e-08,0.03431117732017197
FNO,6,2589,6.846967714377519e-16,2.6166711131469158e-08,1.7611755827685696e-08,3.4582448471108373e-09,1.285445421217446e-07,0.0574679739367955
FNO,7,535,3.7893320518921395e-16,1.946620674885618e-08,1.3628610404704327e-08,-2.7679861986062347e-09,1.1156544132973067e-07,0.03130821445060502
FNO,8,900,1.2911616634960964e-15,3.593273804618981e-08,2.4681864239730916e-08,-1.747942905081945e-08,2.6469029990039417e-07,0.0727762062070266
FNO,9,2273,2.682605932242559e-16,1.637866274224657e-08,1.0750833189560593e-08,-3.059203534622513e-10,8.716529009689111e-08,0.014830268901388667
FNO,10,1272,8.697348418508341e-16,2.949126721337749e-08,2.1240729804671845e-08,-1.558781619275618e-08,1.8536559309723089e-07,0.034688929287477646
FNO,11,527,1.48758374942333e-16,1.219665425197964e-08,9.100032654897854e-09,-5.6300532738146765e-09,6.343566383293364e-08,0.01305170154918995
FNO,12,680,1.5739438342240606e-17,3.967296099642753e-09,2.613273244846479e-09,-1.937888979554454e-09,2.4739449600019725e-08,0.010047810915212993
FNO,13,471,3.051192020039293e-15,5.523759607404447e-08,4.0513318373769106e-08,3.460833954014685e-08,3.265762416049256e-07,0.0892111333313049
FNO,14,2110,6.410311639730629e-18,2.5318593246329127e-09,1.6174883081448224e-09,4.519244755419158e-10,2.4348537408513948e-08,0.005577709970044654
FNO,15,844,1.6949434745129503e-17,4.116969121226136e-09,2.7717556422514268e-09,2.6122511907184076e-10,2.7111582312500104e-08,0.011501721243607573
FNO,16,1929,3.2379722653518478e-15,5.690318326202716e-08,3.5083741968331134e-08,1.1269181546147703e-08,4.934874198170291e-07,0.09851060099905724
FNO,17,1025,3.015892241436517e-17,5.4917139778365345e-09,4.285948562136352e-09,3.1359749744687935e-09,3.0883711588103324e-08,0.010593118302959574
FNO,18,2793,3.2297949817580576e-16,1.7971630370553636e-08,1.2320574115659012e-08,3.3326031863588827e-09,1.2670898286160082e-07,0.016116710879407345
FNO,19,2212,9.14067594265829e-16,3.0233550804790183e-08,2.1556063152688093e-08,-1.2162268426144624e-08,1.5655928109481465e-07,0.03389189401506186
FNO,20,63,1.1586422801167092e-15,3.4038834881892024e-08,2.480475047757376e-08,1.9981881401271074e-08,1.347347051705583e-07,0.042338902543222326
FNO,21,479,4.9294998275346576e-15,7.021039686210766e-08,4.571686733383705e-08,1.3137445734411139e-08,3.0790999971941346e-07,0.059694905757703705
FNO,22,1767,2.060043428572579e-17,4.538770129200838e-09,2.803351609697354e-09,2.245692237483532e-10,3.692360905915848e-08,0.011053109885788087
FNO,23,811,1.3413942810527826e-16,1.1581857713910936e-08,8.364673607214923e-09,-3.8673862416987124e-10,8.848189736454515e-08,0.014446911560708287
FNO,24,2848,1.6498956049768663e-17,4.061890698894871e-09,2.783192681164904e-09,-1.162780762770964e-09,2.9594332318083616e-08,0.011804936034952295
FNO,25,1295,5.45688531187468e-16,2.3359977123008234e-08,1.0320989772110941e-08,7.626515825661206e-09,2.7368614041733963e-07,0.060639861333883494
FNO,26,322,1.9328016183026317e-17,4.3963639729924905e-09,3.1075266801168686e-09,-1.8031855672581167e-09,3.972365902882302e-08,0.011373931377882635
FNO,27,1915,3.839197143063583e-15,6.1961255176631e-08,4.606084929732151e-08,-3.039307376023421e-08,2.683422053451068e-07,0.06551417511714948
FNO,28,1241,7.646806585853845e-16,2.7652859862686617e-08,1.955956197847709e-08,-1.6402984976764877e-08,1.9819526642095298e-07,0.06827603483079889
FNO,29,605,4.0412221650770917e-16,2.0102791261606163e-08,1.0310929430128849e-08,3.393722483259287e-10,2.498309186194092e-07,0.05754650964733827
FNO,30,1010,5.443069829712074e-17,7.377716333468016e-09,5.443054278519349e-09,-2.9094900767350743e-11,2.994914893861278e-08,0.015441387748524228
FNO,31,1351,8.767069109871901e-16,2.96092369200422e-08,1.9147963135398308e-08,1.273635469712557e-08,1.8012508462561527e-07,0.03181738664221629
FNO,32,102,3.8251704869572606e-16,1.955804306917556e-08,1.4859367004500282e-08,1.154327611734186e-08,1.1250011766605894e-07,0.035831646527010604
FNO,33,1798,6.227220790807725e-17,7.891274162521364e-09,5.493463347153846e-09,-2.3567466051171034e-09,5.141367864780477e-08,0.01629616214203944
FNO,34,1068,3.1193067136332058e-15,5.585075392179774e-08,3.220338744707069e-08,1.799763792774898e-08,3.8860792983541614e-07,0.1005704322822672
FNO,35,2804,9.0989757749963e-17,9.538855159292598e-09,7.167279723473185e-09,4.5284210532183566e-09,4.079197424289305e-08,0.024033888753902406
FNO,36,1789,1.4353370104461043e-15,3.788584182047568e-08,2.3335477927063922e-08,1.2197870497710562e-08,1.757654786160856e-07,0.06908906813180037
FNO,37,1825,2.26479681848389e-15,4.7589881471631025e-08,3.0779173714279604e-08,-1.6265135303004756e-08,4.901751253783004e-07,0.07712283431276123
FNO,38,718,1.178133235386091e-14,1.085418460956921e-07,7.118771014024495e-08,5.038207824918459e-08,6.264262140120991e-07,0.13753434546749996
FNO,39,1344,1.1364975901795142e-15,3.371197992078653e-08,2.2223178063085036e-08,1.3430064797905293e-08,2.2638107566308463e-07,0.03205173783341684
FNO,40,1977,7.850364783932348e-17,8.860228430425678e-09,6.62574719723004e-09,-2.5472079353577067e-09,4.454807367437752e-08,0.016212877763816937
FNO,41,144,8.716385406313333e-16,2.952352520671157e-08,2.0009298993970313e-08,-1.015247513491548e-08,1.9996949163214595e-07,0.06021695096756525
FNO,42,2346,1.245289815719719e-16,1.1159255421934383e-08,7.844440427921436e-09,-4.393426831093134e-09,8.11453446658561e-08,0.0120797447156651
FNO,43,291,3.2880058349682696e-16,1.813285922012375e-08,1.3595722272659686e-08,9.382827078183794e-09,6.952546982574859e-08,0.029805453423927226
FNO,44,2058,1.3609918775530759e-17,3.689162340631103e-09,2.557542742738788e-09,7.487193013112397e-10,2.7380337996874005e-08,0.007800509463525897
FNO,45,2398,1.9491559625791713e-17,4.4149246455394585e-09,2.9717520712996005e-09,4.1443631368392286e-10,3.568550255295122e-08,0.008612072341475296
FNO,46,1497,5.192771245747984e-16,2.2787652897453007e-08,1.6342730813849978e-08,-1.0202029638225345e-08,1.0884662060561823e-07,0.01946579828814184
FNO,47,2319,3.890607643373568e-17,6.237473561766469e-09,4.080244384262319e-09,2.2529312483443996e-09,4.158141564403195e-08,0.01807446925484118
FNO,48,2605,7.330590486382477e-17,8.561886758409315e-09,5.5673121849493484e-09,1.382888879615379e-09,4.5925574454486195e-08,0.02662572737451792
FNO,49,1278,8.447493774891254e-17,9.19102484758433e-09,6.239273741144499e-09,-4.409679398966246e-09,7.909386567916954e-08,0.018201518279271602
FNO,50,2921,1.7058762109651065e-16,1.3060919611440485e-08,9.231559996372123e-09,9.299283887200236e-10,8.858864930516575e-08,0.022473162124839487
FNO,51,2766,3.1704299079997534e-16,1.7805701075778378e-08,1.3896738557597145e-08,-1.0283220793698655e-08,8.559140951547306e-08,0.017597161846527543
FNO,52,2579,1.7296396008234838e-16,1.3151576334506385e-08,8.89630983425716e-09,2.0757285234748582e-09,6.810213903918338e-08,0.02656355248533396
FNO,53,1730,2.535501686007519e-15,5.035376536077038e-08,3.401148017993649e-08,-2.604840302167054e-08,3.1314414172811667e-07,0.05145057043934811
FNO,54,486,1.007238792033767e-15,3.173702557004621e-08,2.2197931435558747e-08,-1.1034945377266124e-08,2.6424913812661543e-07,0.040676461699427964
FNO,55,511,2.1387015752123886e-16,1.4624300240395738e-08,8.249833757621558e-09,2.122586111512756e-09,1.2685941896961594e-07,0.04325078733605265
FNO,56,2121,2.7482764492917247e-16,1.657792643635423e-08,1.1131609029676988e-08,-1.483680660873055e-09,9.381261634189286e-08,0.03718757824065261
FNO,57,52,1.790588823079871e-17,4.231534973363532e-09,2.7694773337010415e-09,-2.1086046257673517e-10,3.705184781210846e-08,0.008801306994605546
FNO,58,965,3.974019762299537e-16,1.9934943597360733e-08,7.758518435569609e-09,6.7815528465429075e-09,3.0468027034658007e-07,0.05482296413721791
FNO,59,1874,2.7110260656159692e-17,5.206751449431756e-09,3.5078367256218785e-09,1.2167533782826931e-09,3.6281790016801096e-08,0.01354035786030914
FNO,60,929,4.511514566733408e-17,6.71678090064981e-09,4.786802862734522e-09,3.481901155691031e-09,3.517243385431357e-08,0.012854439258740958
FNO,61,1553,2.3795629177619477e-17,4.878076380871817e-09,3.578120263503791e-09,-1.2507494480596867e-09,2.994835313074873e-08,0.013189185754756496
FNO,62,2412,1.5022559632437e-17,3.87589468799618e-09,2.5218227015288034e-09,2.6528589568843806e-10,2.5652639124018606e-08,0.007067329171114244
FNO,63,45,2.2984092314687962e-15,4.7941727456035586e-08,2.7568107632305764e-08,8.204205416083493e-09,3.8633925214526244e-07,0.07916635465752413
FNO,64,1381,1.7435690807282817e-16,1.3204427593531958e-08,9.347384914097189e-09,-3.170751073939596e-09,8.576151344641403e-08,0.02305367772469509
FNO,65,532,4.340685659219787e-17,6.588388011660961e-09,4.27997374267402e-09,-5.794384429158291e-10,6.832715371274389e-08,0.020243741296367808
FNO,66,1097,3.2171512911631016e-15,5.671993733391374e-08,3.1518361344339034e-08,2.5207578394713033e-08,3.507356041154708e-07,0.09004511822558517
FNO,67,2603,5.055057032543768e-16,2.2483453988530697e-08,1.668575758763722e-08,8.001013929870954e-09,1.0788841109388159e-07,0.020018066856804163
FNO,68,651,2.1041050743010238e-15,4.587052511472943e-08,3.34167448097973e-08,4.3370189773815416e-09,1.8986531813425245e-07,0.03355974180903299
FNO,69,2541,9.76024106138779e-17,9.879393231058165e-09,6.395756736436325e-09,2.404911304580141e-09,7.944987601149478e-08,0.024103152482892964
FNO,70,2431,2.497319721413405e-17,4.99731900263872e-09,3.462642878484229e-09,5.54404592410969e-10,5.202855390962213e-08,0.00501835324242973
FNO,71,1188,1.6839375857286333e-16,1.2976662073617519e-08,8.686351600139157e-09,9.952979722766636e-10,8.110258420401806e-08,0.03589526579903222
FNO,72,1711,1.2792755494215683e-16,1.131050639636249e-08,7.595356137673894e-09,-2.3774030202665274e-09,6.901063898112625e-08,0.03145321486220075
FNO,73,0,2.976152580094763e-16,1.7251529149889187e-08,1.1818060100843982e-08,1.519451882666104e-09,1.0607539024931611e-07,0.016217452690074376
FNO,74,598,5.758814367529614e-16,2.3997529805231232e-08,1.711891338435362e-08,-1.3852934002323723e-08,1.34375454763358e-07,0.05156250014287769
FNO,75,289,4.9699740093731984e-18,2.229343851758449e-09,1.427607652634135e-09,-6.627951479823402e-10,2.6480392989469692e-08,0.006397109252868145
FNO,76,1641,5.90445827115771e-15,7.684047287177318e-08,4.890008536011891e-08,3.447287637682032e-08,4.315882051741937e-07,0.11804287731080002
FNO,77,807,1.3680209257377957e-14,1.169624266907025e-07,8.777853093862376e-08,-3.7026750797341406e-08,4.5405226956063416e-07,0.08820528435091969
FNO,78,2457,1.4344171553973225e-16,1.1976715557269124e-08,7.238980237977586e-09,2.999354779696297e-09,9.7084921435453e-08,0.03767295759800979
FNO,79,812,1.1866280541409528e-15,3.444746803672155e-08,2.3815259842844507e-08,1.6684018011932396e-08,3.045621497221873e-07,0.03852193165561307
FNO,80,2549,1.8424259599691186e-16,1.357359922779923e-08,6.776673710945707e-09,3.06334904166772e-09,1.6000586811060202e-07,0.03690137462256952
FNO,81,2459,1.5321019388604409e-16,1.2377810544924498e-08,9.259936176673653e-09,6.724443829376663e-09,8.203005563700572e-08,0.014626184972053154
FNO,82,831,1.4737320299960072e-15,3.8389217626776495e-08,2.3447689429242e-08,2.1149845548289393e-09,3.634590939327609e-07,0.051392881880403425
FNO,83,1502,4.468222193122858e-16,2.1138169724748777e-08,1.4543359053245108e-08,4.933863472056528e-09,1.373397253701114e-07,0.05637953966356957
FNO,84,1957,6.910949935666231e-17,8.313212336796307e-09,6.052876163472829e-09,7.833626188361859e-10,4.8239030547847506e-08,0.015154837144831835
FNO,85,196,3.851495129526791e-16,1.9625226443347836e-08,1.2742789135176214e-08,-2.8233793899763883e-09,2.1414462025859393e-07,0.042402937792125395
FNO,86,2222,1.4709059546583925e-15,3.835239177233139e-08,2.8196300247045106e-08,-6.169993715123179e-10,2.37096855926211e-07,0.03001539371394137
FNO,87,2040,6.330622832933214e-16,2.5160728989703804e-08,1.458984098534583e-08,-1.3651376481713197e-09,2.6844520562008256e-07,0.045055675061285674
FNO,88,2763,2.6373124477765618e-17,5.135477044809529e-09,3.2589692315462785e-09,-1.9478480475389154e-09,3.1856671967034345e-08,0.01461836803798953
FNO,89,2839,3.434170513283641e-16,1.8531515084535428e-08,1.1317113945439472e-08,5.187144789536968e-09,1.4910609991147794e-07,0.04661371502076154
FNO,90,1933,6.856147313587794e-17,8.280185573758474e-09,6.119611240349286e-09,-4.3943047031766695e-09,3.694538008858217e-08,0.02054887626783667
FNO,91,194,4.46653365974876e-16,2.1134175308605634e-08,1.599481299779142e-08,-1.2103354369856142e-08,8.936433459894033e-08,0.027578506647649343
FNO,92,2563,6.239317437323285e-16,2.497862573746459e-08,1.5802190807175844e-08,5.8003746424828425e-09,1.4327679309644736e-07,0.057111607090360825
FNO,93,256,1.1242698593017541e-14,1.0603159242894328e-07,7.16905121072174e-08,-1.7648855856810482e-08,8.318820619024336e-07,0.1124928596031758
FNO,94,1732,5.697433292631853e-16,2.386929679029496e-08,1.4531290140313647e-08,-1.6606503637920902e-09,2.045307212483749e-07,0.0639013976543576
FNO,95,1937,5.47336505585002e-15,7.398219418110022e-08,5.7344535234278245e-08,5.200085062468626e-08,3.4519007385824807e-07,0.10536086697470654
FNO,96,331,9.27216495625428e-16,3.04502298123582e-08,2.1761284179851303e-08,-7.0081751097539e-09,1.3380977748056466e-07,0.06971485445940133
FNO,97,2764,5.986036524576743e-16,2.4466378000384004e-08,1.5653358995255656e-08,1.3674567571271056e-08,9.946111845238192e-08,0.06448064345045719
FNO,98,2632,7.333394727462467e-17,8.563524232150259e-09,6.1586542624194805e-09,9.46123746196349e-10,5.744891495851334e-08,0.006674923269555571
FNO,99,2654,6.222679809975497e-18,2.4945299777664523e-09,1.6659071571516402e-09,1.9148768499891529e-10,2.2936546884011477e-08,0.005714285384209463
FNO,100,612,4.784544215843627e-16,2.1873601020050692e-08,1.6390913513388016e-08,1.1426827027222267e-08,1.497625703450467e-07,0.04574328356166363
FNO,101,746,7.209847769984594e-15,8.491082245500036e-08,6.301493284702967e-08,2.6145165425199835e-09,3.8670737012580503e-07,0.07840254405086987
FNO,102,457,5.480386278673345e-16,2.3410224857257023e-08,1.3770317556362271e-08,7.942373920742213e-09,1.8601690499053802e-07,0.07177511467554075
FNO,103,1897,2.1494529025632277e-15,4.63621925987461e-08,2.742183199482448e-08,-8.031358625260613e-10,3.91344542549632e-07,0.06585473340958217
FNO,104,1912,6.174737777179596e-16,2.4849019653055923e-08,1.8213229435080633e-08,-1.4502083671619455e-08,8.588312994106673e-08,0.04119663669162326
FNO,105,736,3.815504287224768e-17,6.1769768392189784e-09,4.543090598542257e-09,2.9867468340583123e-09,2.8268743790249573e-08,0.015160020144916927
FNO,106,2127,1.7387682102355613e-16,1.3186236044586649e-08,9.581661297576125e-09,6.502772781214036e-09,6.96081201567722e-08,0.026756534782923662
FNO,107,410,5.3234503366584505e-17,7.296197870575092e-09,4.7312500962607265e-09,-1.0059198606100291e-09,5.585957296716515e-08,0.011519033509255035
FNO,108,51,7.59345377929391e-15,8.714042563181517e-08,5.737326045031122e-08,-4.622274059543199e-08,3.4976835650013527e-07,0.12158797728183203
FNO,109,2441,2.873060375782591e-15,5.360093633307716e-08,3.8556425468661494e-08,-1.065206256082064e-08,3.1169679459708277e-07,0.056050390464850934
FNO,110,2323,1.1801317619317025e-16,1.0863386957720425e-08,7.552175429590343e-09,-3.6030423975836364e-10,6.944529218344542e-08,0.028711108278816695
FNO,111,764,1.4205445422974187e-17,3.7690111996350164e-09,2.4343198518470346e-09,-1.675663714887612e-09,2.573813162598526e-08,0.010439616648151339
FNO,112,1505,6.603857092884636e-16,2.569797091772935e-08,1.9315190001698763e-08,-1.7003959413510468e-08,1.1073916539316997e-07,0.06521077999784489
FNO,113,700,1.5109609841794398e-17,3.887108159261123e-09,2.6425758158241038e-09,8.061460136628275e-10,3.0132014217088e-08,0.012219753395309183
FNO,114,1422,1.0000060313277324e-15,3.162287196520475e-08,2.1298483914582275e-08,2.593541688246629e-09,1.714773532057734e-07,0.0502435513201868
FNO,115,2823,1.781539463575409e-16,1.3347432200896954e-08,6.93000879782704e-09,-1.877658753663324e-09,1.419026602889062e-07,0.03712488159985833
FNO,116,1624,1.280426831894051e-16,1.1315594690046349e-08,7.593481862728314e-09,-5.342202886161391e-10,7.221626674436266e-08,0.0168928427488306
FNO,117,2936,3.0134593017570797e-16,1.7359318252042848e-08,1.2161670159151683e-08,9.907095137694076e-09,7.333085250138538e-08,0.02256821094111086
FNO,118,1763,2.3695020328867927e-16,1.539318691137996e-08,1.1019612023545268e-08,2.857833804429287e-09,8.42200051920372e-08,0.017661852650660403
FNO,119,1237,2.4426656726224686e-15,4.942333125784287e-08,3.260234480931487e-08,-1.8537667466802693e-08,2.933156224571576e-07,0.06419811033976384
FNO,120,1894,1.084214696454337e-17,3.2927415575084797e-09,2.2524175317011084e-09,-1.6604889063655883e-10,2.0950210455339402e-08,0.009158200248590041
FNO,121,2303,6.919564611811327e-17,8.318392039217271e-09,5.7580575009441e-09,1.447664634546756e-09,6.197410584718455e-08,0.01679971755997183
FNO,122,1116,4.597537904515085e-16,2.144187003158793e-08,1.5001565384398462e-08,4.023170575966322e-09,1.5124089713935973e-07,0.039527918413664605
FNO,123,2377,2.490817953599751e-16,1.578232541040689e-08,7.859971170971762e-09,-2.1708620996040584e-09,1.8490618458599783e-07,0.04221898294670208
FNO,124,1410,7.995105861897836e-16,2.8275618228250708e-08,1.729466589195356e-08,9.152378903022518e-09,3.5627158467832487e-07,0.04617993700770434
FNO,125,2329,2.601191649372128e-16,1.6128210221137768e-08,1.061956664792029e-08,-5.211363468524764e-09,9.293523817177629e-08,0.016275158630611315
FNO,126,1345,3.6832898224688435e-15,6.069011305368316e-08,4.644034896963081e-08,1.7071738026035238e-10,2.9666477985301754e-07,0.043944590403136044
FNO,127,1720,6.838027906613867e-16,2.6149623145685804e-08,1.8480228655454642e-08,2.232045294062895e-09,1.7838192434282973e-07,0.040502501720756
FNO,128,1337,2.847664118391049e-16,1.6875023313735152e-08,9.970473063474993e-09,1.5790710711804124e-09,2.098349796142429e-07,0.049526256752266934
FNO,129,2406,3.122286145738457e-15,5.5877420714797287e-08,3.9490781406698614e-08,-1.3601184858116373e-08,3.832591346508707e-07,0.05408964880875261
FNO,130,691,1.7085795834961743e-15,4.133496804760074e-08,2.6023846191468673e-08,2.525453174752657e-09,2.4831319933582563e-07,0.040175430371539304
FNO,131,554,1.3664077550909616e-15,3.6964953064909493e-08,2.6580536537234577e-08,2.076914951999089e-08,2.030408268183237e-07,0.03450976900601047
FNO,132,203,4.5067093047225474e-17,6.713202890366526e-09,4.3507115995783516e-09,-8.357445143454745e-10,5.197424002290063e-08,0.017835873806069023
FNO,133,1990,7.574158780250192e-17,8.702964311227636e-09,5.884133940787638e-09,1.371372942218219e-09,6.034537136656581e-08,0.02358946554801122
FNO,134,2295,4.1743838436372287e-16,2.043130892438668e-08,1.3100753684050676e-08,-1.0508635619558946e-09,2.357400035180035e-07,0.04430041925263285
FNO,135,67,4.0396626062779865e-16,2.0098911926465042e-08,1.470427286013059e-08,1.186224719681205e-08,6.255413609324023e-08,0.04894871920071557
FNO,136,1726,1.0571350693607023e-14,1.0281707394011475e-07,6.603908090259465e-08,-3.329010546835144e-08,4.3593513510131743e-07,0.15348555331826216
FNO,137,2010,6.786562207534833e-16,2.6051031088106345e-08,1.646454672852795e-08,3.0632118217563407e-09,3.5411449061939493e-07,0.03728734655356059
FNO,138,817,3.5147695964545e-17,5.928549229326261e-09,4.417381217325496e-09,-3.1545557693712074e-09,3.837692474917276e-08,0.013566931022481738
FNO,139,1565,1.0392110328732097e-16,1.0194170063684486e-08,7.3412670858978065e-09,3.4084344784103827e-09,7.139726676541613e-08,0.016280035188436768
FNO,140,2945,3.877779227347999e-15,6.227181727995417e-08,4.705220259253957e-08,-4.4535537128125404e-08,1.7395404938724823e-07,0.07501636330608873
FNO,141,433,3.8167270925468464e-17,6.177966568820882e-09,4.190545416029496e-09,1.5884407385924655e-09,5.189031071495265e-08,0.007819838963227849
FNO,142,1578,8.327904866131927e-16,2.8858109546766793e-08,1.7884965891517394e-08,3.0827367014423232e-09,4.3640079638862517e-07,0.055266122607661936
FNO,143,1206,4.528653585775195e-15,6.729527164500635e-08,4.0747191980313197e-08,-4.9559573943633865e-09,3.418209075789491e-07,0.14289285023501697
FNO,144,2446,7.140729978922657e-16,2.672214433559301e-08,1.908755140088478e-08,1.6600661239348967e-08,8.974370757641736e-08,0.03795483206045999
FNO,145,1762,6.446931450348206e-17,8.029278579267384e-09,5.439484093990443e-09,3.8810549494273016e-10,6.8707720402017e-08,0.016663322587460686
FNO,146,2618,6.126822408379232e-17,7.827402128662634e-09,5.4937998664372874e-09,-4.227323161779285e-09,3.340278453833889e-08,0.02183002949315559
FNO,147,1089,1.7168939318313083e-15,4.143541880844585e-08,2.509397612650423e-08,2.7924150011672757e-09,2.24724942654575e-07,0.07979712038031911
FNO,148,650,6.429601247264045e-16,2.5356658390379526e-08,1.3606861859585808e-08,-8.21219670011463e-09,3.139333557555801e-07,0.06490650426428962
FNO,149,1716,2.3914684718949787e-16,1.546437348195839e-08,8.91701488237815e-09,3.5050864767486135e-09,1.0853523235709872e-07,0.043160931549210704
FNO,150,124,2.52335061931126e-16,1.5885057819571386e-08,1.0872817405601692e-08,4.536543718588062e-09,8.210980695366743e-08,0.045611896143855704
FNO,151,324,8.002773328333653e-17,8.945822113329581e-09,6.7761839383553216e-09,-5.5762176086210456e-09,3.452487362665124e-08,0.015541287550022804
FNO,152,296,4.275841365324035e-17,6.5389917918009615e-09,4.216791488388267e-09,-2.8150302147529267e-09,3.582624685805058e-08,0.016732108112523125
FNO,153,192,1.8984140345376422e-17,4.357079336594231e-09,2.7055985394516086e-09,-2.1362327890285805e-10,3.6066353459318634e-08,0.0093480355411215
FNO,154,246,3.282941552077648e-15,5.7296959361537224e-08,3.922331392072777e-08,-2.4512495942911452e-08,4.210193083054037e-07,0.08901130927835263
FNO,155,1091,2.387309156568377e-16,1.5450919573178733e-08,1.1049152286882202e-08,-8.890784948282743e-09,1.0081363654990128e-07,0.046721910698919684
FNO,156,1662,6.346846295703957e-17,7.966709669433145e-09,5.82685915117249e-09,4.20233546483015e-09,3.830723471764941e-08,0.019165055147606344
FNO,157,670,9.571863663934054e-16,3.093842863484513e-08,2.1523794758662177e-08,-1.1849305692572848e-08,1.8057852457786794e-07,0.05555764807561581
FNO,158,432,1.3689618645477763e-15,3.699948465246207e-08,2.3036731032461697e-08,-1.3173119295269736e-08,2.093348427933961e-07,0.08745559758463177
FNO,159,1995,1.0668627855074981e-15,3.266286554341946e-08,2.188300102251712e-08,-8.256112385207262e-09,1.787089729532454e-07,0.0786208325541044
FNO,160,2588,5.71385083565723e-17,7.55900180953625e-09,5.142357350919755e-09,2.634884996184678e-09,6.674093810943305e-08,0.016115258104886416
FNO,161,785,6.267527877392042e-16,2.5035031211069105e-08,1.594328746863702e-08,6.136066323160208e-09,2.503198857084499e-07,0.05758777393618871
FNO,162,1966,2.6919831985964603e-17,5.188432517241079e-09,3.756761762026053e-09,-1.7173165077851114e-09,3.361355993547477e-08,0.012655872382103257
FNO,163,594,1.108283511399238e-16,1.0527504506763405e-08,8.023476563883648e-09,-2.8293675884535126e-09,4.7161847760435194e-08,0.014511990848731917
FNO,164,2405,3.395799853261509e-17,5.827349185746045e-09,3.802719420043397e-09,2.43591772272065e-09,4.941216502629686e-08,0.014065681080180269
FNO,165,2606,1.926779917174585e-16,1.3880849819714156e-08,8.868622361018796e-09,-7.593691214949194e-10,8.974802767625079e-08,0.018995620782627533
FNO,166,790,3.199386603258178e-15,5.65631205226354e-08,3.931018349142184e-08,2.6496525327662228e-08,4.3866054966201773e-07,0.1060559955730971
FNO,167,178,1.3252778393859223e-17,3.6404365663831066e-09,2.3388694495033848e-09,5.842084675327564e-10,2.9565967452072073e-08,0.010670741436467306
FNO,168,1286,2.7403043764523943e-15,5.234791663908311e-08,3.719870082443941e-08,1.7233706279215312e-09,2.8191709589009406e-07,0.052813313732432886
FNO,169,1741,8.348790565139679e-17,9.137171643971496e-09,5.838176580936317e-09,-2.7353032864369148e-09,1.1776808150898432e-07,0.029896911140456672
FNO,170,543,1.0898440900023311e-15,3.301278676516618e-08,2.6186502879328863e-08,-1.887674800766835e-08,1.1625672868831316e-07,0.023470068668242344
FNO,171,1106,1.0851209392114746e-16,1.04169138386159e-08,7.608937459200394e-09,3.710250905638563e-11,7.944436219986528e-08,0.008302826366068362
FNO,172,1681,8.07133667169113e-16,2.8410097978872106e-08,2.0247401744973075e-08,-1.604731924282313e-08,2.127212610503193e-07,0.07994013166543816
FNO,173,174,4.2929673835377764e-16,2.071947727028309e-08,1.1479091973315292e-08,3.5183069685637584e-09,1.6833374161251413e-07,0.05643607450984852
FNO,174,1554,9.25955106020849e-17,9.62265610952012e-09,6.568208997550263e-09,4.906349060392747e-10,5.3244434639054816e-08,0.01715531023502722
FNO,175,1833,5.816754395618723e-15,7.626764973184058e-08,5.800160346587627e-08,-4.809740752917255e-08,4.072345518579823e-07,0.07258784904259186
FNO,176,80,7.775023564230849e-16,2.788372924167578e-08,1.7858265294219474e-08,-5.390831958570613e-09,1.7631643345339398e-07,0.07042754879055005
FNO,177,32,1.580102353365577e-16,1.257021222321078e-08,8.870346105309597e-09,4.782292285113515e-09,6.784384254387987e-08,0.029303828417081523
FNO,178,1601,7.962855562099984e-18,2.8218532141307396e-09,2.0208488626524336e-09,-9.825899822616168e-10,2.257229425595142e-08,0.006577592916033518
FNO,179,2748,1.8940233105484312e-15,4.3520378106680455e-08,3.1817598019669374e-08,-2.324806504227838e-08,1.3640487850352656e-07,0.04838663620010817
FNO,180,999,7.126276254502929e-16,2.6695086166751604e-08,1.7634777810823418e-08,-1.4769275925172577e-08,1.7514685168862343e-07,0.06881529378366093
FNO,181,1207,1.17406395510204e-15,3.4264616663579355e-08,2.5494972100633353e-08,-1.622867403053197e-08,1.9925812466681236e-07,0.056946698271337776
FNO,182,2073,3.822456434251671e-16,1.955110338127153e-08,1.2914104507025739e-08,1.1217771980621135e-08,1.231734643170057e-07,0.05918352815640213
FNO,183,759,2.680497828291251e-16,1.637222595828451e-08,1.1363304121279549e-08,6.311110796091358e-09,1.619035856492701e-07,0.03500205095132454
FNO,184,727,1.5973155618276718e-16,1.2638495012570412e-08,8.552605297091973e-09,4.4887199427135155e-09,7.237099453050178e-08,0.026269331083198833
FNO,185,528,9.557699808422113e-17,9.776348913792978e-09,6.456055412349013e-09,-1.8590405355128202e-09,6.058087365090614e-08,0.017531973813135895
FNO,186,211,1.376057489718642e-15,3.709524888336297e-08,1.987978158802332e-08,-1.382310869314355e-08,3.212280432762782e-07,0.11118551891093974
FNO,187,1764,1.254087548725714e-15,3.5413098547369643e-08,2.211675291939482e-08,-1.7261293006621123e-08,1.9359754332981538e-07,0.10759358570711625
FNO,188,88,1.7262637091857424e-15,4.1548329800194644e-08,2.7555641847525838e-08,4.731837335803575e-10,2.0971697267668787e-07,0.06548504043893938
FNO,189,1842,4.1642548824719507e-16,2.0406506027421623e-08,1.3637935397979238e-08,-1.8934673277168686e-09,1.5742023151688045e-07,0.030214160634340896
FNO,190,1800,1.9541210536891787e-16,1.3978987995163237e-08,1.0839359357050355e-08,7.4400166367356265e-09,6.460527401941363e-08,0.018473441923164104
FNO,191,1637,6.116606453231208e-15,7.82087364252307e-08,5.925071558178836e-08,-3.291525010852257e-08,4.5797878556186333e-07,0.06360725405865836
FNO,192,2664,3.5983570500998004e-17,5.998630718838925e-09,4.1164074720477335e-09,2.077417829817552e-09,4.038531642436283e-08,0.012379706969985893
FNO,193,544,2.984915270792215e-17,5.46343781038296e-09,3.5949043902409536e-09,1.2773753212076728e-09,2.9523391731345328e-08,0.01590946311067828
FNO,194,1672,2.08043878432944e-16,1.4423726232598287e-08,1.085926950349831e-08,9.444641880928092e-09,5.366803179640556e-08,0.01683213417111216
FNO,195,2254,3.4846693453419053e-15,5.9031087956617443e-08,3.848409217256228e-08,-2.7399226666176187e-09,2.66809877302876e-07,0.10036111650101961
FNO,196,485,2.0436627763139212e-16,1.4295673388525358e-08,1.0661378002790896e-08,9.656756109946503e-09,5.8529678881313885e-08,0.04336151851602013
FNO,197,443,1.156653782005567e-15,3.400961308226789e-08,2.0068983851996852e-08,1.096951505838388e-08,2.643456582518411e-07,0.059158286923172806
FNO,198,781,4.219405972733119e-17,6.495695476800862e-09,3.752545759883185e-09,-3.008408834355452e-10,7.951314273668686e-08,0.021257037651603347
FNO,199,1896,6.7920763498448366e-18,2.6061612286742424e-09,1.7429441773176433e-09,-7.898905724334355e-10,2.7454007067717612e-08,0.006217022318023754
FNO,200,2944,1.0605605713362671e-17,3.2566248960177575e-09,2.2070970524488e-09,1.418652359859182e-09,2.220366468463908e-08,0.008319654088167967
FNO,201,141,3.46878635546495e-17,5.8896403586848576e-09,4.236886789014971e-09,2.0343608613048014e-09,3.145697746731457e-08,0.014122346821142238
FNO,202,460,2.5476349419005993e-17,5.047410169483553e-09,3.4718484887016232e-09,1.5033579592364934e-09,3.244576873839833e-08,0.006951087898429081
FNO,203,2639,8.315483806937964e-16,2.8836580599887296e-08,2.054050543986063e-08,-1.3635956686443087e-09,1.670059077696351e-07,0.033198634769608805
FNO,204,354,1.0449759848538353e-15,3.232608830115137e-08,2.356298832235051e-08,-8.6680343623106e-09,1.7571323951415252e-07,0.051831297692693935
FNO,205,1442,3.524795038197621e-17,5.9369984320341714e-09,3.9353876877465315e-09,5.889102994480002e-10,3.320931796224613e-08,0.014264555754047578
FNO,206,2533,4.2492214673319994e-17,6.518605270555964e-09,4.791541494580283e-09,-3.1238413593793284e-09,4.0319832805835176e-08,0.011571212278113
FNO,207,1273,1.7929941055954484e-16,1.3390272983010647e-08,9.97382836208787e-09,-8.036528018391065e-09,6.232858140720055e-08,0.027379861876332227
FNO,208,175,6.051402495058884e-16,2.459959856391743e-08,1.3927013546297285e-08,4.10564563913152e-09,1.842722667788621e-07,0.047515070214654516
FNO,209,2242,8.397465467914532e-18,2.897838067924868e-09,1.8325582038212626e-09,5.741831078824898e-10,3.304512574686669e-08,0.008619698753418455
FNO,210,2136,2.7766390561377446e-16,1.6663250151569305e-08,1.047969408911015e-08,-6.450358488617007e-09,7.057815309963189e-08,0.03657166895907265
FNO,211,2779,3.4428339122304483e-15,5.867566712215932e-08,4.572798829914844e-08,3.3839078437045053e-08,2.560321945566102e-07,0.07860942444199724
FNO,212,1378,5.263042704756762e-16,2.2941322334941292e-08,1.6591264886745555e-08,-4.999309985269393e-09,1.4969532458053436e-07,0.022518643270677548
FNO,213,2188,2.795357890317503e-17,5.287114421229697e-09,3.6281970531318756e-09,1.2157817558409988e-09,4.371997874841327e-08,0.00754177982087529
FNO,214,1835,3.6740548172453485e-16,1.9167824125980885e-08,1.321903998330969e-08,-3.1717956834463313e-09,9.1012083203168e-08,0.03688226530285368
FNO,215,2749,4.8770413094600884e-15,6.983581680957192e-08,4.482910863147709e-08,-2.5718970785384027e-08,4.398684723128099e-07,0.09276927690247846
FNO,216,506,1.372545148402168e-17,3.7047876435798154e-09,2.2562419315121955e-09,1.4781852594638068e-10,4.2484487039473606e-08,0.010804578231587675
FNO,217,1465,1.469746773999347e-15,3.8337276559496856e-08,2.3869723891724866e-08,1.0710971352109947e-08,2.4617446570118773e-07,0.0634069971714426
FNO,218,1196,6.166662511179737e-17,7.85281001373377e-09,5.775551981582082e-09,3.7126538793999556e-09,4.440266820893157e-08,0.01016339418629691
FNO,219,1607,1.6326619006431086e-15,4.0406211164165205e-08,2.9206985762717183e-08,2.209714184016919e-08,2.987205789395375e-07,0.043414342542786005
FNO,220,177,1.1973870528334527e-15,3.4603280954751284e-08,2.116692284381677e-08,1.291451433359357e-08,2.082714161133481e-07,0.07232787782518438
FNO,221,940,2.4749787044331505e-17,4.97491578263708e-09,3.1676688283374216e-09,1.4324362320982655e-09,3.48076127920649e-08,0.011049336993813191
FNO,222,1362,6.324974957215202e-17,7.95297111601394e-09,3.816908263900843e-09,5.222846237843619e-10,1.1428346624597907e-07,0.027689161546590377
FNO,223,184,1.9628579203036093e-16,1.401020314022466e-08,9.484705572976232e-09,2.3981269008988683e-09,9.525410860078409e-08,0.040601351226314815
FNO,224,2909,5.211532162423933e-17,7.219094238492757e-09,5.02031350477375e-09,-3.4011489947412295e-09,3.7609765968227293e-08,0.014829256973883938
FNO,225,2093,1.4489498410391262e-16,1.2037233241235821e-08,7.709068203537694e-09,9.681701427508789e-10,1.1434968882895191e-07,0.03219569729399038
FNO,226,765,2.8259239366673236e-16,1.6810484635094026e-08,1.2123914585955169e-08,-8.206317474725706e-09,9.309150073022465e-08,0.04302480606583755
FNO,227,2425,1.1259055620461542e-16,1.061086971951948e-08,7.518492366423981e-09,4.787863797778526e-09,5.799324753752444e-08,0.019271509590578256
FNO,228,2547,3.992496703503084e-16,1.9981232953707046e-08,1.386408460669773e-08,8.038661923593388e-09,9.043924364959821e-08,0.05784234650403542
FNO,229,1090,2.0400330211163087e-16,1.4282972453646715e-08,9.605821662529234e-09,-6.864017679582701e-09,7.138851287891157e-08,0.040322091893152466
FNO,230,44,3.0202427857886027e-16,1.7378845720555215e-08,1.3146615451755602e-08,7.521342063709879e-09,1.0129065231012646e-07,0.025166223118798448
FNO,231,1321,1.2477231769164928e-16,1.117015298425448e-08,7.427446629612351e-09,3.052677544497645e-09,5.540205449960922e-08,0.017501056296764135
FNO,232,420,5.056194306532827e-15,7.110692164995491e-08,5.250897319051066e-08,2.6964537485133364e-08,5.280195409795851e-07,0.08189379622119335
FNO,233,2357,1.177646298075159e-16,1.0851941292115246e-08,8.116402554803706e-09,6.1711302157763894e-09,5.798011670776759e-08,0.02441864706985636
FNO,234,2718,4.17960558766819e-15,6.464986920070442e-08,4.139005252475213e-08,-2.520081508374423e-08,3.53670344566126e-07,0.0913137511459968
FNO,235,507,4.691459640089372e-16,2.1659777561391003e-08,1.7070285567233948e-08,-1.007077429449966e-08,6.935817964404123e-08,0.033795214886816284
FNO,236,251,3.510183793407258e-17,5.924680407758091e-09,4.488452864563836e-09,3.5628621518997027e-09,2.260958353872411e-08,0.017275043387373054
FNO,237,2469,6.626838615763699e-16,2.57426467476903e-08,1.759896363996066e-08,-4.0077274345238215e-09,2.4663168574079464e-07,0.04089213539256344
FNO,238,787,6.391973833773198e-17,7.994982072383401e-09,5.446507658695379e-09,-2.723597712684283e-10,4.757666260957194e-08,0.019531757014748283
FNO,239,840,4.06500206180467e-15,6.375736868633045e-08,3.5397689319461726e-08,-3.009099420544436e-08,2.9217792985036795e-07,0.15075131448293225
FNO,240,2712,1.6032374287812668e-15,4.0040447409853786e-08,2.6433774463571978e-08,-7.217378582419556e-09,1.9672086182254134e-07,0.06794158229898137
FNO,241,644,7.527760920821708e-16,2.7436765335625315e-08,1.6374132053751242e-08,8.495553078849237e-09,2.405115822057269e-07,0.07805052008134207
FNO,242,567,3.508293155263983e-17,5.923084631561483e-09,4.473187966140655e-09,3.734071803064061e-09,2.4747805582592264e-08,0.015394395435890709
FNO,243,2144,1.646606887203245e-16,1.283201810785523e-08,9.603784288271415e-09,-5.810971155840125e-09,8.254340855273767e-08,0.03695342182095197
FNO,244,2271,2.855354082221397e-16,1.6897792998558708e-08,1.0608568770390564e-08,9.53512582505584e-10,1.1206162753296667e-07,0.021627174886482255
FNO,245,2755,4.005449373325913e-16,2.0013618796524313e-08,1.4206288476656225e-08,9.907379435181804e-09,1.225398591486737e-07,0.04708894142891122
FNO,246,162,1.2296052666045272e-16,1.1088756768026464e-08,8.105860934882286e-09,4.5714582641266944e-09,4.585379542731971e-08,0.02923835958876406
FNO,247,2227,2.9879283070545913e-16,1.728562497294961e-08,1.1390203972567602e-08,5.4894801645968505e-09,1.2111308933526743e-07,0.04253717458223945
FNO,248,2413,2.872412224761683e-15,5.359488991276764e-08,3.442429247833674e-08,-2.6352588697208326e-08,3.338005853947834e-07,0.08975021924905585
FNO,249,2876,2.9752497733844315e-17,5.454585019398297e-09,3.783081065125967e-09,7.514728975385945e-10,4.144908416492399e-08,0.014755731164564452
FNO,250,1455,3.872579893677158e-16,1.9678871648743374e-08,1.3563302233499074e-08,8.083984248591413e-09,1.2497540069489332e-07,0.0644864787107536
FNO,251,2154,1.215739480355901e-16,1.1026057683305948e-08,7.894677299488363e-09,-1.0406941867238864e-09,7.342623575823382e-08,0.009819421622450258
FNO,252,2833,1.1236563957628578e-17,3.352098440921534e-09,2.359043681418598e-09,-9.265646607045793e-10,2.9428974812617525e-08,0.007041454023508678
FNO,253,1770,7.561034801190132e-16,2.7497335873117114e-08,1.9148603316479995e-08,-1.7701207886392627e-08,9.639535392125254e-08,0.06236116586715008
FNO,254,2659,3.1322367411150184e-16,1.769812628815553e-08,1.3733816313744425e-08,-8.302707797556142e-09,7.582627858937485e-08,0.020709723038941898
FNO,255,1450,1.553154346484193e-16,1.2462561319745605e-08,7.721405049345918e-09,-2.1816899827232528e-09,1.7990669221035205e-07,0.03725763840468035
FNO,256,2704,1.455860571664635e-16,1.206590473882765e-08,8.18745786643693e-09,1.5066884026691135e-09,8.241457294388965e-08,0.028533090098848645
FNO,257,321,3.522904767914677e-18,1.876940267540413e-09,1.1621298223630267e-09,-1.33468705958886e-10,2.6592260837787762e-08,0.0053646139572651515
FNO,258,1809,6.252105809947822e-16,2.5004211265200554e-08,1.8913886702952957e-08,-1.442492195635395e-08,1.319298235102906e-07,0.056124868676015516
FNO,259,30,7.456139660997512e-16,2.7305932800396165e-08,1.928251442739334e-08,1.0099449886641151e-09,1.93866213749061e-07,0.0493644405193323
FNO,260,1437,1.3918233323265121e-16,1.1797556239859643e-08,8.40279866179589e-09,-4.9462241478620835e-09,7.103199095581658e-08,0.03759443628372045
FNO,261,2807,3.475237469705373e-15,5.895114477010072e-08,3.800826984233135e-08,2.7442085298427263e-08,3.003434585480136e-07,0.11219613026254611
FNO,262,463,1.0392189951181737e-15,3.223691975233015e-08,2.2834033506847286e-08,5.173671542295728e-09,2.2736668370271218e-07,0.036126197120849135
FNO,263,1812,4.317402630420597e-15,6.570694506991325e-08,4.736861271019807e-08,4.274757510388543e-08,3.4677390203796676e-07,0.10023834033135277
FNO,264,1127,1.998155863234739e-15,4.470073671914971e-08,3.3157153856380726e-08,-3.0631028731747065e-08,1.88570936643373e-07,0.06294545794893527
FNO,265,1435,2.68025333742844e-15,5.177116318403943e-08,3.851951309709097e-08,-1.8819788181546598e-08,3.129003971480415e-07,0.03249355808886366
FNO,266,601,6.352253647045954e-16,2.5203677602774468e-08,1.9361534726553557e-08,1.5704013935004774e-08,9.95447635432356e-08,0.032038331158460664
FNO,267,1366,1.145923340771084e-16,1.0704780898136514e-08,8.217836023429254e-09,-6.481414647183556e-09,5.042363682150608e-08,0.022676590815353604
FNO,268,298,1.364403936629382e-15,3.693783881914834e-08,2.3618739378768075e-08,1.7581454310609013e-08,1.7689342257654062e-07,0.07081514535192938
FNO,269,676,1.0386210170641071e-15,3.2227643678434e-08,2.1849676411264856e-08,5.65618774115539e-09,1.8952164282382e-07,0.07669530666595308
FNO,270,1902,1.0010815259160357e-17,3.163987240675973e-09,2.150821116226959e-09,5.804725473185911e-10,3.753052624233533e-08,0.006833311994866629
FNO,271,2430,6.5262488672214884e-15,8.078520203119807e-08,5.305137128094303e-08,4.677237071957979e-09,4.554909764920012e-07,0.09332650399376617
FNO,272,2527,5.25055555151991e-16,2.2914090755515284e-08,1.2342403026200228e-08,-4.394126598597047e-09,1.9453597133178846e-07,0.06669005056212317
FNO,273,73,2.829036248957572e-16,1.681973914470011e-08,1.1568554916753653e-08,1.416722136104533e-09,9.904402986649075e-08,0.032958668204868334
FNO,274,869,1.8315450604961867e-17,4.279655430634792e-09,2.6067319388342177e-09,-1.577029889229393e-10,4.414005161379464e-08,0.013464768213577586
FNO,275,1675,1.4571855257514755e-15,3.8173099504120376e-08,2.9020318750296927e-08,2.6488434856123938e-08,1.7200207480527752e-07,0.0783013678492193
FNO,276,1950,6.767821902430431e-15,8.22667727726719e-08,5.6525822070927775e-08,1.2747407070498081e-08,4.470712156035006e-07,0.11041142101429652
FNO,277,2196,8.899495559179729e-16,2.983202232363694e-08,1.767180899739872e-08,1.3775355823447583e-08,1.3409470511760446e-07,0.08960471401763194
FNO,278,990,1.2230505664282893e-16,1.1059161660941074e-08,7.498331618348873e-09,6.557293891629085e-09,1.714573443223344e-07,0.03255410283044879
FNO,279,408,4.2739078098780056e-17,6.537513143296926e-09,4.395997343715888e-09,-8.902627787372176e-10,4.1779571802180726e-08,0.010510957528543065
FNO,280,964,8.724955872622663e-16,2.953803627972358e-08,2.0411005303667633e-08,-4.698800408704083e-09,1.791332806533319e-07,0.04698242554604105
FNO,281,332,7.7624459277429e-16,2.7861166392925657e-08,1.6749680908139348e-08,-6.5198159370027525e-09,1.3754558381151583e-07,0.05870476455161408
FNO,282,1736,1.0443680868199253e-17,3.231668434137273e-09,2.081059987801521e-09,6.905194589919869e-10,1.9861545297317207e-08,0.0076775733611225685
FNO,283,2223,1.4292374560052579e-15,3.780525698901223e-08,3.0282513013097976e-08,2.0476212474885275e-08,1.535996432266984e-07,0.05824496853205956
FNO,284,1423,1.9146764901472478e-17,4.375701646761634e-09,3.1331316059720182e-09,-1.6536708876394467e-09,3.1125182431424037e-08,0.012423510318297065
FNO,285,565,1.0447378436650193e-15,3.2322404670213185e-08,2.151362134254532e-08,-1.2594290816404909e-08,2.0249737531230494e-07,0.06967359086951459
FNO,286,879,2.93219368203054e-17,5.414973390544537e-09,3.832633323692895e-09,-1.9060222551134083e-09,2.8798240236938e-08,0.014302019499409383
FNO,287,1590,1.6896540324118647e-15,4.1105401499217405e-08,2.477921686088111e-08,-5.9295518685739215e-09,5.13004238200665e-07,0.0690891581335171
FNO,288,1525,1.8516783378516403e-15,4.3031132193467095e-08,2.5744704467126052e-08,-1.8536588362824416e-08,1.9547812257769692e-07,0.09988710049724059
FNO,289,1596,5.5231933520556e-16,2.3501475170838958e-08,1.2679363571725703e-08,2.7078981305218805e-09,2.5204121811839286e-07,0.05202715169427974
FNO,290,368,4.2257660188367446e-17,6.500589218552996e-09,4.738028788028951e-09,1.765822984449414e-09,5.247932222118834e-08,0.015760872990233314
FNO,291,1674,3.680923804685968e-16,1.9185733774567937e-08,9.453645234968924e-09,6.023599560462234e-09,1.7666002349869814e-07,0.050025778455876344
FNO,292,2670,3.63271039997299e-17,6.027197026788647e-09,4.2081032356296975e-09,1.6475016781932386e-09,6.271596930673695e-08,0.016982734141349272
FNO,293,1656,3.9936844804800185e-16,1.9984204964121085e-08,8.083118128556473e-09,-4.734208337648052e-09,2.2507703079099883e-07,0.052356369624255626
FNO,294,962,1.4077155606260043e-15,3.7519535719755436e-08,2.4811976496442453e-08,4.781946122486274e-09,2.3809724325474235e-07,0.08076926967920005
FNO,295,1609,3.522652324741713e-16,1.8768730177456633e-08,1.253337044756493e-08,-1.392932039068033e-09,1.8544557178756804e-07,0.038830264511598434
FNO,296,239,5.0387324675670805e-15,7.098402966560211e-08,4.489048353988419e-08,3.2860584582440744e-08,3.4077254440489924e-07,0.13383111643099607
FNO,297,2623,9.85319571474987e-17,9.926326467908392e-09,7.061127401354006e-09,-3.906356429131546e-09,4.281397991690028e-08,0.018595485267942805
FNO,298,1271,7.435927547209843e-16,2.7268897203975527e-08,1.9073046107766486e-08,1.3282245687479695e-08,1.7039371869032038e-07,0.046540852721547885
UNET,0,93,1.7662675502488728e-15,4.2026985976261404e-08,2.6163626258324295e-08,-1.3863112753023529e-08,4.776193236466497e-07,0.11702345677301884
UNET,1,2687,3.0651186385804494e-15,5.536351360400141e-08,4.070813408645597e-08,-2.2359805941750624e-08,3.2218486012425274e-07,0.067876657587507
UNET,2,2381,4.12018778461991e-15,6.418868891494755e-08,4.537791683438617e-08,-4.504032336515284e-09,4.3280124373268336e-07,0.06806808623947133
UNET,3,2163,1.3270870371935618e-14,1.1519926376472906e-07,7.510107503671346e-08,5.024282018986146e-08,7.87701992521761e-07,0.16873777337640633
UNET,4,1776,8.534033825823774e-15,9.237983451935695e-08,6.23455594435244e-08,-2.3099667800710566e-08,7.072213747960632e-07,0.1117616398910329
UNET,5,2516,1.5015473085818322e-15,3.8749803981205275e-08,2.756732588511528e-08,-1.956627191411822e-08,3.1817626222618856e-07,0.09794409510688311
UNET,6,2589,1.5202250560777778e-15,3.8990063555703235e-08,2.6738788158397412e-08,6.348464143598547e-09,2.6168891054112464e-07,0.08563093561721712
UNET,7,535,7.213643330260714e-15,8.493316978813822e-08,6.715258027825766e-08,5.4071309521622137e-08,4.041489773953799e-07,0.13660113282485944
UNET,8,900,4.18991289842081e-15,6.472953652252432e-08,4.419284619588816e-08,1.0996647482225655e-08,3.7921446960353933e-07,0.13109966993311284
UNET,9,2273,2.4555768936480074e-14,1.5670280449462312e-07,1.2939846585504077e-07,5.181547779367589e-08,5.205051820666995e-07,0.14188855127120317
UNET,10,1272,4.25719594888055e-15,6.524719111870295e-08,4.81293616231773e-08,-3.6524911289971286e-09,4.6203649617382325e-07,0.07674662409543898
UNET,11,527,5.652536864483802e-15,7.518335496959285e-08,5.1889194446898796e-08,-1.2269266596115126e-08,4.4452804104366805e-07,0.0804540893147531
UNET,12,680,2.4149864498892097e-15,4.914251163594724e-08,3.5068034146102355e-08,1.1803598131432751e-08,3.923305484931916e-07,0.12446125835203369
UNET,13,471,9.110443434799756e-15,9.544864291753842e-08,7.050256634164404e-08,5.234470988736622e-08,5.330178964868537e-07,0.15415373250846034
UNET,14,2110,3.2350536812491077e-15,5.6877532306255235e-08,4.1839546200604365e-08,2.079353909741854e-08,1.988696567423176e-07,0.1253017400807343
UNET,15,844,1.6411647888614459e-15,4.051129211542685e-08,2.8858347818422048e-08,9.138621928039497e-09,3.754212229978293e-07,0.11317781975280533
UNET,16,1929,9.659756341107333e-15,9.82840594456056e-08,7.051766503282358e-08,3.784475477535435e-08,4.90496688598796e-07,0.17014903577590743
UNET,17,1025,4.091585902913394e-15,6.396550557068547e-08,4.966879314441263e-08,2.2499865221265324e-08,1.859889380284585e-07,0.12338482494782613
UNET,18,2793,2.6361171587879273e-14,1.6236123794760643e-07,1.3223928845723663e-07,2.7942500955978593e-08,6.307523108262103e-07,0.145603324577147
UNET,19,2212,5.833250499716904e-15,7.63757193073617e-08,5.5356321347215814e-08,-3.4066680222709023e-08,3.6382016332936473e-07,0.08561739243936554
UNET,20,63,1.4685349539250093e-14,1.211831239870061e-07,8.597448062703085e-08,6.641009577518528e-08,3.748309609363787e-07,0.15073255280833775
UNET,21,479,1.3637330830073391e-14,1.1677898282684857e-07,8.700914680874294e-08,6.456757434222724e-09,5.84644112677779e-07,0.09928886156305879
UNET,22,1767,1.3782319620034093e-15,3.712454662354019e-08,2.357335415437082e-08,1.3949399989953378e-08,3.8409052649512887e-07,0.09040812414139679
UNET,23,811,6.190900252848307e-15,7.868227407013798e-08,5.969347952201002e-08,1.639434999651652e-08,3.7256859286571853e-07,0.09814624587568437
UNET,24,2848,1.3969832999298603e-15,3.737623977783025e-08,2.6814985665961047e-08,1.2980364864795799e-08,3.5158109312760644e-07,0.1086253059257283
UNET,25,1295,1.2155881703449642e-15,3.486528603561089e-08,1.4091480860458196e-08,7.550591459799153e-09,3.954110070480965e-07,0.09050634336808655
UNET,26,322,1.3044039538641684e-15,3.61165329712608e-08,2.3570555692981222e-08,1.590488417138753e-08,3.877512426697649e-07,0.09343788870659496
UNET,27,1915,7.293393612524984e-15,8.54013677438774e-08,6.466379678017434e-08,-2.3764660923864016e-08,5.307334731696756e-07,0.09029836703060604
UNET,28,1241,2.7794476262581088e-15,5.272046686305147e-08,3.960158881204704e-08,-3.739291282959324e-08,2.716259928092768e-07,0.13016897527820354
UNET,29,605,1.3638617980229642e-15,3.693049956367994e-08,1.6132263832429553e-08,-8.596329803824516e-09,3.8471804941764276e-07,0.10571772455704886
UNET,30,1010,1.175192729842309e-15,3.4281084140416405e-08,2.231865307701693e-08,-1.489975899794983e-09,2.701058292586822e-07,0.07174950739846694
UNET,31,1351,3.892581418819517e-15,6.23905555258127e-08,4.860178567948632e-08,-1.0251424165236305e-08,3.632804919107002e-07,0.06704341734128746
UNET,32,102,1.7999472852882364e-15,4.242578561780838e-08,3.0416648937133146e-08,1.493522391416039e-08,3.0299815989565104e-07,0.07772688445931115
UNET,33,1798,1.1181020885612747e-15,3.3438033563014355e-08,2.1235901895634193e-08,-1.2423551762284076e-09,2.807428245432675e-07,0.0690524249229395
UNET,34,1068,2.743221104793661e-15,5.237576829788429e-08,3.509901714334958e-08,2.9855699173515978e-09,4.663746722144424e-07,0.09431302693262797
UNET,35,2804,1.3518479879734282e-15,3.676748547253984e-08,2.580983286440546e-08,9.457099582393621e-09,3.413288141018711e-07,0.09263854423315072
UNET,36,1789,2.5373274755905016e-15,5.03718917213807e-08,3.650182812183105e-08,-2.9770334902794874e-09,1.9721392163773999e-07,0.09185877604507316
UNET,37,1825,4.8796256269853996e-15,6.985431716784153e-08,3.882222685177466e-08,1.1404127988547832e-08,8.802310276223579e-07,0.11320395769798237
UNET,38,718,1.4301890838440624e-14,1.1959051316237683e-07,8.550929700774021e-08,4.937741729467994e-08,7.360567906289361e-07,0.15153421047776644
UNET,39,1344,5.078267332433524e-15,7.126196273211624e-08,5.0807765895027186e-08,-1.5182241936341279e-09,6.476959697465645e-07,0.06775246521715479
UNET,40,1977,3.4314168994712354e-15,5.857829717114723e-08,4.16885015683085e-08,2.3558218312529328e-08,2.786587174341548e-07,0.10718942283553805
UNET,41,144,1.3404524223953153e-15,3.6612189532931724e-08,2.3844613400104273e-08,1.074441663555555e-08,3.3454287517997727e-07,0.07467517535536602
UNET,42,2346,1.9456038701819028e-14,1.3948490492457966e-07,1.1205963230371607e-07,8.35230917129092e-08,6.122729701019125e-07,0.1509905436760463
UNET,43,291,5.049090562198531e-15,7.105695294760768e-08,5.389729933473835e-08,2.9149012539817637e-08,2.5776535039767623e-07,0.11679816601541204
UNET,44,2058,3.3218031813741948e-15,5.763508637431018e-08,4.453954862103485e-08,1.359117941193364e-08,2.0233164832461625e-07,0.12186588585229596
UNET,45,2398,5.851564119241399e-15,7.649551698786929e-08,5.80082315075541e-08,1.0928849453181243e-08,1.9900403458450455e-07,0.14921770562124415
UNET,46,1497,2.4207185968572893e-14,1.55586586724476e-07,1.275787034149996e-07,7.258150735032524e-08,8.242172953032423e-07,0.132906057817725
UNET,47,2319,1.12647249928143e-15,3.3562963207700094e-08,2.233726002634197e-08,7.592218366150017e-09,3.580771590350196e-07,0.09725616318718969
UNET,48,2605,1.6609876217295906e-15,4.075521588373187e-08,2.8651443934773042e-08,1.8804030086148952e-08,3.271884452260565e-07,0.12674043675525923
UNET,49,1278,4.063959497934359e-15,6.374919213554285e-08,4.707665722991138e-08,2.023098463610013e-08,2.861943357856944e-07,0.1262462135818129
UNET,50,2921,1.5810361748639916e-15,3.9762245596344174e-08,2.8739939977404356e-08,-1.9887667308891795e-08,2.3350230549112894e-07,0.0684165754264048
UNET,51,2766,2.3009042239505965e-14,1.5168731733241894e-07,1.206490759893194e-07,5.981242931430255e-08,6.505067631223937e-07,0.14991076519841393
UNET,52,2579,3.038814263734769e-15,5.512544116589698e-08,3.808836526875714e-08,1.1192344969716229e-08,2.9987995731062256e-07,0.11134236021924393
UNET,53,1730,7.91451465233895e-15,8.896355800179616e-08,6.161652528605744e-08,-3.032364319856702e-08,5.377155503083486e-07,0.0909013610940895
UNET,54,486,1.5579440354993032e-14,1.2481762838234443e-07,9.555115612265918e-08,-8.548171372549805e-08,4.0988140881381696e-07,0.15997527774309547
UNET,55,511,6.972882019492684e-16,2.6406215214401103e-08,1.4774331368622297e-08,7.422622470726348e-09,2.9248849386931397e-07,0.07809533309726378
UNET,56,2121,9.561403820323535e-16,3.092151972384853e-08,1.9546148299908538e-08,-1.4533219634732995e-08,2.9164584702812135e-07,0.06936310391201025
UNET,57,52,2.0048206478270483e-15,4.4775223593266936e-08,3.212209479063771e-08,2.307430593872368e-08,3.210666363884229e-07,0.09312944146204319
UNET,58,965,8.407657944617541e-16,2.899596169230733e-08,1.0688635911157146e-08,2.7901990707634488e-09,6.654811386397341e-07,0.07974161352490447
UNET,59,1874,1.404916449055759e-15,3.7482215103376146e-08,2.7320890991007626e-08,9.784865246041639e-09,2.59312400885392e-07,0.09747394528544015
UNET,60,929,2.1913987972638903e-15,4.681237867555856e-08,3.159227134031658e-08,-2.024482974692664e-08,2.544875314924866e-07,0.08958858226028073
UNET,61,1553,9.892238245698661e-16,3.145192878934241e-08,2.0656280604206766e-08,1.8260419651448385e-09,3.674226718430873e-07,0.08503871172961677
UNET,62,2412,3.5428028052120634e-15,5.952144827885208e-08,4.4028550720673676e-08,3.965811590481103e-08,3.693380676850211e-07,0.108531758881606
UNET,63,45,5.235357265976144e-15,7.235576871249551e-08,4.492117659546987e-08,1.0248715169133434e-09,7.216392532427562e-07,0.1194813527039495
UNET,64,1381,1.598250897451433e-15,3.997813023956264e-08,2.6182683219484814e-08,-1.1824895754757194e-08,2.0831112124142237e-07,0.0697980222202302
UNET,65,532,6.6046809867670635e-16,2.5699573900683767e-08,1.5170965110097617e-08,6.961469559177548e-09,3.952532097173389e-07,0.07896552609705353
UNET,66,1097,8.967070780010055e-15,9.469461853775037e-08,5.217264804014154e-08,2.8195723549209295e-08,8.538045221939683e-07,0.1503314094188909
UNET,67,2603,2.672847847515696e-14,1.6348846587804585e-07,1.3130203266231637e-07,2.1636550742124012e-08,6.384103699019761e-07,0.1455614000381149
UNET,68,651,1.8763167347493325e-14,1.3697871129300832e-07,1.0975647273078413e-07,-6.937606319462409e-08,7.122321221686434e-07,0.10021621014430684
UNET,69,2541,1.4839226498533324e-15,3.852171660055315e-08,2.3917386050313594e-08,3.385664095767035e-09,3.183927219652105e-07,0.09398297925898756
UNET,70,2431,1.4260113078803796e-14,1.1941571537617566e-07,8.79893223265942e-08,5.4062424784773465e-08,4.012226781924255e-07,0.11991834864627736
UNET,71,1188,9.760596457243327e-16,3.12419532955981e-08,1.956895971954631e-08,6.531715578989832e-09,3.123291207884904e-07,0.08641962095217139
UNET,72,1711,7.674967516360357e-16,2.7703731727621744e-08,1.380255345500316e-08,-3.770499775841146e-09,3.5865241443389095e-07,0.07704088534832464
UNET,73,0,5.978465365974247e-14,2.4450900527330783e-07,1.9263535782024953e-07,1.7028096680402845e-07,9.498560302745318e-07,0.2298528548318562
UNET,74,598,2.5928974662175e-15,5.092050143328814e-08,3.7673245581200635e-08,-3.1763786561493645e-08,3.0849787435727194e-07,0.10941077618151224
UNET,75,289,2.4560521024553084e-15,4.9558572441660465e-08,3.775976851662111e-08,1.892091816176089e-08,3.4527101888670586e-07,0.14220848079376183
UNET,76,1641,1.4645807962118366e-14,1.2101986598124444e-07,7.861051458616763e-08,5.018159749651387e-08,8.914114459912525e-07,0.1859115731371454
UNET,77,807,4.275240781824117e-14,2.0676655391586224e-07,1.5591618535788859e-07,-4.2477663765454875e-09,7.748471944069024e-07,0.1559295852388308
UNET,78,2457,6.020801211376243e-16,2.4537320985340357e-08,1.40934127919922e-08,2.651245336680711e-10,3.2533171179238707e-07,0.07718255047715762
UNET,79,812,8.395850822028717e-15,9.16288754816336e-08,7.41661225887013e-08,3.9212802332641305e-08,4.2825126911338884e-07,0.10246678435760304
UNET,80,2549,1.1538067596567791e-15,3.3967731152621586e-08,1.5906394487383853e-08,1.0825576966500475e-08,3.260224730183836e-07,0.09234514378282886
UNET,81,2459,3.1134450948119814e-14,1.764495705523814e-07,1.3573397544019413e-07,9.107801415677734e-08,5.222673280513845e-07,0.20850085302014248
UNET,82,831,1.473357437319591e-14,1.2138193594269253e-07,8.913534318601085e-08,4.886869731634956e-08,6.624895831919275e-07,0.16249790649461862
UNET,83,1502,1.0054600642389797e-15,3.1708990274667843e-08,1.9368726638735884e-08,2.083079042071927e-09,2.7755640985560603e-07,0.08457393890584933
UNET,84,1957,1.924646011736241e-15,4.3870787680827445e-08,3.219685541695099e-08,5.89541176643128e-10,2.3417624106514268e-07,0.07997565992337591
UNET,85,196,1.8186135785345255e-15,4.2645205809498977e-08,2.384343107053278e-08,-6.4038392729898166e-09,3.1800732358533423e-07,0.09214069525732807
UNET,86,2222,1.2673084497804268e-14,1.1257479512663689e-07,9.003813120747989e-08,-3.780339752703253e-08,6.030380745869479e-07,0.08810341785332912
UNET,87,2040,3.0228510883922743e-15,5.4980460969259564e-08,3.510068248812648e-08,2.3263385219513536e-08,4.2532929001026787e-07,0.0984542930041639
UNET,88,2763,1.133235826986777e-15,3.366356824501492e-08,2.4130093585840248e-08,1.1455529580160826e-08,2.6763518690131605e-07,0.09582487192207034
UNET,89,2839,1.5651153893665314e-15,3.956153926942848e-08,2.391547096043067e-08,-1.023801091340968e-08,2.6401880859339144e-07,0.09951211807968782
UNET,90,1933,1.321443825556227e-15,3.635166881391041e-08,2.2760158560001404e-08,-1.0076563049322918e-08,3.3277046895818785e-07,0.09021367189568391
UNET,91,194,4.134224585634441e-15,6.429793609156082e-08,4.8753708589085435e-08,-4.131140756688921e-08,3.2225057111645583e-07,0.08390396275407049
UNET,92,2563,2.417250671725409e-15,4.91655435414418e-08,3.137602041850782e-08,1.276726283438765e-08,2.6505888683914236e-07,0.11241303803640977
UNET,93,256,2.0747138725804632e-14,1.4403867093876085e-07,1.0415933480547307e-07,-8.048976494180101e-08,8.703812000021571e-07,0.15281598263461588
UNET,94,1732,1.2352772990877797e-15,3.5146511904992503e-08,1.9441055449466042e-08,-6.467804430928201e-09,3.7812787923030555e-07,0.09409205696908952
UNET,95,1937,4.25815044693863e-15,6.52545051849957e-08,4.5216504192656547e-08,1.929445220841537e-08,6.041047981852898e-07,0.09293143189923138
UNET,96,331,1.474105027255285e-15,3.839407541867996e-08,2.5229149882652107e-08,-2.333477032244385e-09,3.2116304282681085e-07,0.08790204200134612
UNET,97,2764,8.457482708692724e-16,2.9081751509654164e-08,1.868337847029084e-08,4.0004560624744993e-10,3.74104729417013e-07,0.07664436681144116
UNET,98,2632,2.8225135529381704e-14,1.6800337951773978e-07,1.3760957732805475e-07,4.577779848192339e-08,6.318239229585743e-07,0.1309518881369892
UNET,99,2654,3.725356319510627e-15,6.103569709203482e-08,4.430225134133336e-08,2.995347812966023e-08,2.666392902028747e-07,0.1398160755399446
UNET,100,612,2.746425262554163e-15,5.240634754067644e-08,3.855753633582418e-08,1.2568429296492855e-08,2.39219616560149e-07,0.10959505084630554
UNET,101,746,1.3677143991540882e-14,1.1694932232185393e-07,8.674693459589038e-08,-7.38544418691033e-09,5.267484084470198e-07,0.1079853442700762
UNET,102,457,8.638057879343029e-16,2.9390573113403267e-08,1.556042592176461e-08,6.358125580262744e-09,3.5728135117096826e-07,0.09011070027977322
UNET,103,1897,4.24119368663085e-15,6.512444768772208e-08,4.427658272881e-08,-2.8744423073716035e-08,4.7492289922956843e-07,0.09250539934638922
UNET,104,1912,3.6448036411666674e-15,6.037220917911376e-08,4.4815632188676434e-08,-3.8291704015830365e-08,2.755118657660205e-07,0.10008974207224976
UNET,105,736,1.0557140735314887e-15,3.249175393128984e-08,2.2668377290369637e-08,4.185895430049258e-09,3.143049980280921e-07,0.0797438062280835
UNET,106,2127,7.18065859827898e-15,8.473876679701552e-08,6.47538818819434e-08,3.6495718656968535e-08,2.205188138759695e-07,0.1719456373752087
UNET,107,410,8.503043611568989e-15,9.221194939685956e-08,6.973347577351461e-08,3.685135354517712e-08,3.450718395470176e-07,0.14558165141599042
UNET,108,51,5.910849197878346e-15,7.688204730545582e-08,5.254707582944222e-08,-4.381695816107219e-08,3.6869403174932813e-07,0.10727435117947769
UNET,109,2441,6.959855798752892e-15,8.342575021390514e-08,6.183467240723844e-08,-1.3906508557373082e-08,3.9871417811809806e-07,0.08723813787982125
UNET,110,2323,5.697404637652692e-16,2.3869236765453334e-08,1.508760916676724e-08,5.2289886390793355e-09,2.644483174663037e-07,0.06308458347040682
UNET,111,764,8.343654782200147e-16,2.888538520117076e-08,1.984280224615368e-08,5.416145476254572e-09,3.4898357625934295e-07,0.08000834496421987
UNET,112,1505,8.002032172136695e-16,2.8287863426099707e-08,1.744443786135211e-08,-1.0600197464392225e-08,2.48894593823934e-07,0.07178285182102871
UNET,113,700,1.7345696462859405e-15,4.164816498101616e-08,2.9534966326078318e-08,2.0971826892284427e-08,3.596314854803495e-07,0.1309277448898949
UNET,114,1422,5.44848285189101e-15,7.381383916238886e-08,5.409898529509156e-08,3.112138310748494e-08,4.729836291517131e-07,0.11727807076397798
UNET,115,2823,6.540533840581999e-16,2.557446742472265e-08,1.1606190228350048e-08,-5.446887934909923e-09,2.713013600441627e-07,0.07113346303856548
UNET,116,1624,4.687478207435234e-15,6.846516053757001e-08,4.84668560720029e-08,4.380976321233981e-08,3.5082439353573136e-07,0.10221037624756733
UNET,117,2936,3.124238358987669e-15,5.589488669804841e-08,4.183162671558395e-08,-8.363785650092411e-09,3.4319555197726004e-07,0.07266688560091354
UNET,118,1763,6.976861704724533e-15,8.352761043346405e-08,6.503334577306731e-08,2.7110712687980874e-08,5.545630301639903e-07,0.09583800653047189
UNET,119,1237,1.0044985135513351e-14,1.0022467328713699e-07,7.405606037158772e-08,-6.510978887567557e-08,4.768046437675366e-07,0.1301861786872848
UNET,120,1894,1.1770837819807147e-15,3.430865462213164e-08,2.4630646704337056e-08,4.742069710109727e-09,3.464228939265013e-07,0.09542368382137648
UNET,121,2303,9.90355008673425e-16,3.1469906397595545e-08,1.8871485127803987e-08,8.052457893933504e-09,3.775880941248033e-07,0.06355621815200031
UNET,122,1116,1.0459224569375897e-15,3.2340724434334953e-08,2.0414046777587933e-08,-1.4861430684831975e-09,3.213690433767624e-07,0.05961987060811082
UNET,123,2377,1.4277654929104981e-15,3.778578427015242e-08,2.0100075014251173e-08,-3.745282748209372e-09,3.04431182485132e-07,0.10107999551684566
UNET,124,1410,4.279474724601863e-15,6.541769427763305e-08,2.478462775278537e-08,6.312470397150037e-10,1.180453409688198e-06,0.10684063480217847
UNET,125,2329,1.0252983650217433e-14,1.0125701778255882e-07,7.965662577391835e-08,5.1775049966235925e-08,7.369369541265769e-07,0.10217959738111096
UNET,126,1345,1.886512717400566e-14,1.373503810479085e-07,1.0808455241975292e-07,-5.603548405094355e-08,7.329553000090527e-07,0.09945287515820005
UNET,127,1720,4.460641094664219e-15,6.678803107342077e-08,4.527152791295779e-08,2.5332846254595403e-08,4.1615589907451067e-07,0.10344632228183441
UNET,128,1337,9.973484910554298e-16,3.158082473678339e-08,1.8417870552253873e-08,-1.296147963754826e-08,3.354556383783347e-07,0.09268609620759573
UNET,129,2406,1.786761061124565e-14,1.3366978196752492e-07,9.579284016220889e-08,4.208655608506511e-08,8.233155313064344e-07,0.1293930798966046
UNET,130,691,5.695596274586902e-15,7.54691743335443e-08,5.415957012960209e-08,9.437678676868566e-09,7.070079846016597e-07,0.07335209634475236
UNET,131,554,3.270289474502562e-14,1.8083941701140718e-07,1.5031590017234856e-07,8.700652440520664e-08,6.612910965486662e-07,0.1688282005197385
UNET,132,203,1.0792566306840985e-15,3.2852041499488253e-08,2.3059264030401276e-08,4.220999955422048e-09,2.789147401927039e-07,0.08728246055209332
UNET,133,1990,7.910231399420901e-16,2.8125133598653183e-08,1.8095280037647254e-08,-1.2690171307013385e-08,3.194386408722494e-07,0.07623343568153218
UNET,134,2295,4.515050090364582e-15,6.719412243912842e-08,4.8824255977983334e-08,3.2615272148745946e-08,3.251520865887869e-07,0.14569442449245776
UNET,135,67,1.9195244847962314e-15,4.381237821433837e-08,3.100560102451644e-08,1.9872819829331825e-08,3.0909541237633675e-07,0.10670029335793893
UNET,136,1726,2.618779644662217e-14,1.6182643926942894e-07,9.840451282553226e-08,-5.550797174713642e-08,7.192566044977866e-07,0.24157486321055227
UNET,137,2010,1.2740503203260274e-14,1.1287383754998442e-07,7.826526385391056e-08,6.352500994396438e-08,5.557756139751291e-07,0.16155851502853152
UNET,138,817,1.0077392480069782e-15,3.174490900927231e-08,2.0480774229905478e-08,-2.406092008282796e-10,3.167701834172476e-07,0.0726452584239906
UNET,139,1565,7.357158099528187e-15,8.57738777223473e-08,6.23553777464739e-08,3.9920941492051724e-08,3.791838025790639e-07,0.13698042497279905
UNET,140,2945,1.201595952533774e-14,1.0961733223052703e-07,8.263003325651194e-08,-7.385255757952566e-08,4.1447060539212544e-07,0.13205160823043025
UNET,141,433,6.359565852676072e-15,7.974688616288458e-08,6.237789345154531e-08,1.2797913006197704e-08,2.7731812224374153e-07,0.10094062515000651
UNET,142,1578,2.5331406512462818e-15,5.033031542963229e-08,2.9184886495535413e-08,7.96200288561687e-09,8.330445098181372e-07,0.09638751211019633
UNET,143,1206,6.9328225447729446e-15,8.326357273605875e-08,4.9478449736572905e-08,-1.0604639395837307e-08,3.8087384268692404e-07,0.17679948290823128
UNET,144,2446,3.589296792844951e-15,5.99107402127945e-08,4.681771226058769e-08,2.107265974414036e-08,3.1462195693165995e-07,0.08509429688117132
UNET,145,1762,1.3324648609632296e-15,3.650294318220422e-08,2.380657800108605e-08,-3.9494564343458255e-09,3.353329702804331e-07,0.07575528880109143
UNET,146,2618,6.76090238423152e-16,2.6001735296382663e-08,1.5597281551871566e-08,-1.1295701742383026e-08,3.825975909421686e-07,0.07251686307449745
UNET,147,1089,2.7340624401729842e-15,5.228826292938965e-08,3.534356429199526e-08,1.3380937248626217e-08,6.557716005772818e-07,0.10069773472649936
UNET,148,650,1.4984910536630273e-15,3.871034814701396e-08,2.1770401941241273e-08,2.9147050992109165e-10,3.4967092688020784e-07,0.09908850521208964
UNET,149,1716,7.146541367748576e-16,2.673301585633124e-08,1.567685606492439e-08,7.872947537432469e-09,3.0996488931123167e-07,0.0746116141611033
UNET,150,124,1.380866008672197e-15,3.7160005498818174e-08,2.577027021135969e-08,8.30173242442223e-09,2.9008742785663344e-07,0.10670016633045751
UNET,151,324,1.9135407463309415e-15,4.374403669451348e-08,3.0345230732064264e-08,-9.778653080556451e-09,2.0043262338731438e-07,0.07599510075828583
UNET,152,296,1.2394576628624538e-15,3.520593221124039e-08,2.313399278932062e-08,1.0913057939368093e-08,2.9334614737308584e-07,0.09008567111205897
UNET,153,192,1.6529831673713008e-15,4.065689569275181e-08,3.09776395388193e-08,4.627799984796583e-09,2.0261813915567473e-07,0.08722864023508786
UNET,154,246,4.282695921538889e-15,6.544230987319204e-08,3.7727833917438003e-08,-1.6088169792255236e-08,1.0429841950099217e-06,0.10166517994884756
UNET,155,1091,6.868735853856343e-16,2.6208273224034318e-08,1.3579642523489593e-08,-1.1968486407205002e-09,3.556269803084433e-07,0.07925098537641935
UNET,156,1662,2.2141022118024606e-15,4.705424754262319e-08,3.2333170062669e-08,2.3701234929455834e-08,3.3580681702005677e-07,0.11319569640444285
UNET,157,670,4.2594347044154776e-15,6.526434481717776e-08,3.5371191036150345e-08,-2.5335915446382722e-08,3.6604296838049777e-07,0.11719837306651731
UNET,158,432,1.5207041274180812e-15,3.8996206577282375e-08,2.4950499410040403e-08,-9.758281367062599e-09,2.4774271878413856e-07,0.09217524464960448
UNET,159,1995,2.0418359500072642e-15,4.518667889995086e-08,2.9249368021184818e-08,-1.6978590004169597e-08,3.600312084017787e-07,0.10876615558260043
UNET,160,2588,1.3481050564177142e-15,3.671655017043015e-08,2.481592350646932e-08,-1.5697618387117258e-08,2.5284225557697937e-07,0.07827709234981571
UNET,161,785,1.318933806301418e-15,3.631712827718373e-08,2.009246757723842e-08,1.1070621308153596e-08,3.72915110347094e-07,0.08353984285481185
UNET,162,1966,1.5622090994384582e-15,3.9524790947435234e-08,2.814089833134494e-08,1.2744743169384997e-08,3.663240022433456e-07,0.09641075768024832
UNET,163,594,1.31035353951615e-14,1.1447067482618202e-07,8.656885463609142e-08,5.302635677735703e-08,2.8543081498355605e-07,0.15779593202344228
UNET,164,2405,1.9904380671353613e-15,4.461432580612825e-08,3.308209195302347e-08,2.3780767630138298e-08,2.8405975172063336e-07,0.10768719333504591
UNET,165,2606,2.702921690757177e-15,5.198963060800853e-08,4.09401282095575e-08,2.0384286059347814e-08,2.968054104712792e-07,0.07114660272860385
UNET,166,790,9.429556423545007e-15,9.710590313438728e-08,6.880653477662862e-08,5.0143778234306655e-08,5.194226559979143e-07,0.18207381661025684
UNET,167,178,1.8954915539440115e-15,4.353724329748051e-08,3.1849243921791034e-08,1.768313232017688e-08,3.4967297324328683e-07,0.1276150971490636
UNET,168,1286,1.4674325877079302e-14,1.2113763196083743e-07,9.466849712907469e-08,-5.5325034614496944e-08,7.541810305156105e-07,0.12221460131185374
UNET,169,1741,6.178851071228335e-16,2.485729484724421e-08,1.3092133027131896e-08,1.0737459927793021e-09,3.7185918699833564e-07,0.08133330139754019
UNET,170,543,3.263957049469854e-14,1.8066424797036778e-07,1.4825030637626116e-07,-4.537842514401269e-08,6.535823331432766e-07,0.12844121085333496
UNET,171,1106,4.700217506446214e-14,2.167998502408665e-07,1.8030689605805756e-07,8.007669932728468e-08,7.54157554183621e-07,0.1728008449169157
UNET,172,1681,2.1204903395504158e-15,4.604878217228351e-08,3.482964600307579e-08,-3.13526178187068e-08,2.585232437013474e-07,0.1295717358181236
UNET,173,174,8.845869455728085e-16,2.974200641471265e-08,1.587820168119414e-08,2.8967218649993914e-09,2.718628024922509e-07,0.08101179717021802
UNET,174,1554,7.131791452942097e-15,8.444993459406643e-08,6.78160599759922e-08,4.030869424544509e-08,3.2484558687428944e-07,0.15055768498841396
UNET,175,1833,1.437698933451905e-14,1.1990408389424878e-07,9.329780796355928e-08,-6.558049795457634e-08,6.90960717975031e-07,0.11411889014422306
UNET,176,80,3.0711760584102093e-15,5.541819248595365e-08,3.852288889898247e-08,-1.7309208195929394e-08,3.4138747651013546e-07,0.13997293623677545
UNET,177,32,1.2900386416889952e-15,3.5917107924901124e-08,2.2532984120256297e-08,-1.5666583530847453e-08,3.516165634209756e-07,0.08373038968472257
UNET,178,1601,1.4370990631071941e-15,3.790908945236214e-08,2.6928830297492203e-08,1.1390569403762387e-08,2.6001634978456423e-07,0.0883641136918419
UNET,179,2748,7.521136011950764e-15,8.67244833478457e-08,6.430545674495947e-08,-4.713988870741226e-08,4.6637489958811784e-07,0.09642163528791602
UNET,180,999,2.2386192077872868e-15,4.731404873594403e-08,2.9742694406535024e-08,-2.732435065084546e-08,3.211901002941886e-07,0.12196739667818192
UNET,181,1207,4.982628886097957e-15,7.058773892184079e-08,4.615690125072357e-08,2.4540758440079386e-08,3.4803633752744645e-07,0.11731456707965171
UNET,182,2073,2.2818787529199037e-15,4.7769014569278106e-08,3.455540447945755e-08,3.262103618012629e-08,3.514878699206747e-07,0.1446025200538113
UNET,183,759,2.628575767866652e-15,5.1269637875322e-08,3.529770487437269e-08,2.6538768194408444e-08,3.2525355209145346e-07,0.10960894882225365
UNET,184,727,1.547128080862996e-15,3.933354904992678e-08,2.8195628892889594e-08,1.4153099227374734e-09,2.775377652142197e-07,0.08175546389360978
UNET,185,528,4.406926586826849e-15,6.638468638795282e-08,4.559983604352922e-08,1.5446261084129144e-08,3.158565959893167e-07,0.11904797932332403
UNET,186,211,2.355354874484714e-15,4.8531998459621604e-08,2.7812400819144308e-08,-2.3486515185068018e-08,3.2519372439310246e-07,0.14546486665946215
UNET,187,1764,1.7166942993862182e-15,4.143300977947678e-08,2.537120126782989e-08,-1.757770605189075e-08,3.2032676244853064e-07,0.12588353664813776
UNET,188,88,5.351687273583228e-15,7.315522724715732e-08,5.343355317249462e-08,-4.903967486164482e-08,3.434194013607339e-07,0.11530121758534449
UNET,189,1842,7.309116092433225e-15,8.549336870443943e-08,6.312731260410142e-08,3.567197061103284e-08,4.293319761927705e-07,0.12658268748877263
UNET,190,1800,1.9955796572052883e-14,1.412649870705862e-07,1.1665319561388963e-07,8.598796164076054e-08,5.606193553830963e-07,0.1866837953740247
UNET,191,1637,1.556637816421334e-14,1.2476529230604695e-07,9.366482147705058e-08,-4.688579508656784e-08,6.94169557391433e-07,0.10147175377268082
UNET,192,2664,5.12182188589282e-15,7.156690496236944e-08,5.340628697141976e-08,2.55826424980145e-08,3.477866812318098e-07,0.14769659172392757
UNET,193,544,8.41767271320608e-16,2.9013225799979707e-08,2.101546018677216e-08,1.3578040851457573e-08,2.972651600430254e-07,0.08448615351845684
UNET,194,1672,2.557280735745642e-14,1.5991500041414632e-07,1.2311340347960263e-07,1.0305613963221551e-07,7.536966677434975e-07,0.18661687691083445
UNET,195,2254,3.670480852947075e-15,6.058449350243902e-08,3.794420659942368e-08,1.4754255372460371e-08,3.7117695228516823e-07,0.10300212347470272
UNET,196,485,4.730061246999639e-16,2.174870397747792e-08,1.0966877968686415e-08,4.469044496705521e-09,3.848490450764075e-07,0.06596798937612891
UNET,197,443,7.522965512858138e-15,8.673503048283397e-08,5.2914609141152474e-08,2.944888690296746e-08,6.900875177962007e-07,0.15087192574586833
UNET,198,781,6.958342802999592e-16,2.637867093505583e-08,1.459839686451042e-08,8.213278329855274e-09,4.0531313061364926e-07,0.0863236897832375
UNET,199,1896,2.4788565333239795e-15,4.978811638658345e-08,3.507138845717079e-08,-1.2532347027614206e-08,1.9669369066832587e-07,0.118770023643247
UNET,200,2944,2.247581396415592e-15,4.7408663727377843e-08,3.5966943090454555e-08,1.3573542242481438e-08,2.764995770121459e-07,0.12111425036281145
UNET,201,141,2.8252007842526234e-15,5.3152617849477775e-08,4.0098554919272606e-08,1.926790897735575e-08,2.963511178677436e-07,0.1274508557411435
UNET,202,460,7.943324408114102e-15,8.912532977843113e-08,6.978893068013314e-08,3.8964291358769005e-08,3.8361031329259276e-07,0.12273977752232926
UNET,203,2639,1.0581642458579415e-14,1.0286711067478961e-07,7.436319593308602e-08,-6.422763321325513e-08,5.133493914399878e-07,0.11842762096108629
UNET,204,354,3.0841454567856615e-15,5.553508311676198e-08,3.93083228991094e-08,-2.1877193636141056e-09,3.067020770686213e-07,0.08904434704866124
UNET,205,1442,1.7932790011203166e-15,4.234712506322379e-08,3.024134459035827e-08,5.0572728461858416e-09,2.55431132245576e-07,0.10174550884646494
UNET,206,2533,5.2749806525638976e-15,7.26290620383046e-08,5.4122164056258697e-08,1.9731180516766563e-08,3.032555468962528e-07,0.12892424982403997
UNET,207,1273,1.6786283511164852e-15,4.0971067244050225e-08,2.5191228518033995e-08,-1.6846756258721218e-08,3.0566843634005636e-07,0.08377589937795243
UNET,208,175,2.2613445150783037e-15,4.755359623707027e-08,2.8086764365360045e-08,1.5313191019065604e-08,4.4116768549429253e-07,0.09185159905324497
UNET,209,2242,1.5984329283966807e-15,3.9980406806293013e-08,2.8099265058927792e-08,7.573054516492112e-09,3.9163342080428265e-07,0.11892281577905667
UNET,210,2136,1.6847597815806099e-15,4.1045825385544506e-08,2.84644854522421e-08,-2.1112485894086524e-08,2.363153726037126e-07,0.090085326961899
UNET,211,2779,2.2709041147272222e-14,1.506951928472578e-07,1.1337775125217627e-07,6.624954328043267e-08,5.721629179333831e-07,0.20189054435863343
UNET,212,1378,7.864174954932408e-15,8.868018355265402e-08,6.67663991154152e-08,4.4137744170210985e-08,7.382939202216221e-07,0.08704630837948306
UNET,213,2188,1.1414867571815513e-14,1.0684038361881482e-07,8.128668177569553e-08,2.1026937500929187e-08,3.6459596230997704e-07,0.15240196920942448
UNET,214,1835,2.0739699670641848e-15,4.5540860411988096e-08,2.903966992423342e-08,-1.7381981939459452e-08,2.3928669179440476e-07,0.08762862622255085
UNET,215,2749,1.3767756355395617e-14,1.1733608292164699e-07,7.469805527298327e-08,-5.086374863062995e-08,6.62613956592395e-07,0.15586820723944741
UNET,216,506,8.93130701193457e-16,2.988529238929171e-08,2.1408032226521408e-08,5.001029619518451e-09,2.8843714972026646e-07,0.08715694681003855
UNET,217,1465,3.208383132340375e-15,5.66425911513622e-08,3.88975498902059e-08,-3.135028284082889e-08,3.1685090107202996e-07,0.09368262274300526
UNET,218,1196,1.3936862676508314e-14,1.1805449028524207e-07,8.93939643103587e-08,5.8299859876426933e-08,4.105791049369145e-07,0.1527904429284403
UNET,219,1607,1.6717182070659773e-14,1.2929494216967565e-07,9.681888738682281e-08,4.22100567449315e-08,6.725011871822062e-07,0.13892059529160203
UNET,220,177,2.1961584209100734e-15,4.6863188334876164e-08,3.029717170155761e-08,1.5140617444527384e-08,4.3969203034066595e-07,0.09795357165165357
UNET,221,940,3.370145634356508e-15,5.805295543171345e-08,4.38305930151209e-08,2.6150753280028157e-08,3.1235504138749093e-07,0.12893618627485687
UNET,222,1362,5.883310935169751e-16,2.4255537378441546e-08,1.020730790987588e-08,5.532244224740455e-09,4.6464310798910446e-07,0.08444837571692901
UNET,223,184,7.680262087705909e-16,2.7713285780841488e-08,1.6776915694814133e-08,9.991686200336873e-09,3.698182808875572e-07,0.08031267201205895
UNET,224,2909,2.24334041047144e-15,4.7363914644710696e-08,3.581596338028516e-08,1.0154707733511355e-08,1.8375658328295685e-07,0.09729359921781053
UNET,225,2093,2.3421571866206034e-15,4.8395838525854716e-08,3.340215381833426e-08,2.2410969238527914e-08,3.3386913855792955e-07,0.1294431815219431
UNET,226,765,1.2882684751049337e-15,3.589245707812344e-08,2.509281233319912e-08,-1.9775058169963694e-08,2.848250915121753e-07,0.09186326501193233
UNET,227,2425,1.9320561811834767e-15,4.395516103011655e-08,3.218236563311336e-08,-2.0449625040620706e-08,2.8186650524730794e-07,0.07983156232603936
UNET,228,2547,1.348743563246651e-15,3.6725244223104235e-08,2.3701284005255257e-08,2.1685668771641655e-08,4.205635377729777e-07,0.10631347458486093
UNET,229,1090,5.124747773663406e-16,2.263790576370395e-08,1.3648532979966052e-08,-6.428998788353131e-09,2.503647920093499e-07,0.06390880605805128
UNET,230,44,2.0233444232025557e-14,1.4224431177388273e-07,1.0182385037537268e-07,7.910349182886732e-08,4.183339115115814e-07,0.20598330551075847
UNET,231,1321,6.064823006202792e-15,7.787697353006723e-08,5.447107725294494e-08,3.710371501897106e-08,3.50180926034227e-07,0.12201527587782462
UNET,232,420,1.560129061152722e-14,1.2490512644214095e-07,8.76267880894926e-08,2.0932323591312647e-08,7.78088292463508e-07,0.1438531542989608
UNET,233,2357,2.3609558854443764e-15,4.858966850519127e-08,3.643599443279496e-08,2.337114249587201e-08,2.4816927179927006e-07,0.10933472035382813
UNET,234,2718,1.025261598668214e-14,1.0125520226972113e-07,7.016039737450725e-08,-2.366610710511854e-08,5.004304739486543e-07,0.14301641220016792
UNET,235,507,2.3490903382570998e-15,4.8467415221539307e-08,3.4954573971766255e-08,-1.8696680717565532e-08,3.3484047889942303e-07,0.07562250848504468
UNET,236,251,2.3335984637919776e-15,4.830733343698426e-08,3.606342167849095e-08,1.618648037421603e-08,3.5370158002479e-07,0.14085338340941506
UNET,237,2469,2.7720530098090274e-15,5.26502897409789e-08,3.9204685195132146e-08,-2.668579510807416e-08,3.1961388913259725e-07,0.08363486465271773
UNET,238,787,7.062077453291914e-16,2.6574569522932846e-08,1.6419975633341933e-08,-1.1229883035542397e-08,3.717063918884378e-07,0.06492172590184744
UNET,239,840,7.440231839642607e-15,8.625677851417015e-08,5.0550302046651064e-08,-4.070382685568979e-08,3.779898634093115e-07,0.20395011607281405
UNET,240,2712,5.420589727625948e-15,7.36246543463937e-08,5.3851166812816135e-08,-1.3709161939240677e-08,2.9554712455137633e-07,0.1249280623991866
UNET,241,644,1.2234446814982505e-15,3.497777410725632e-08,1.739635730703847e-08,-7.462007961523727e-10,3.564200596883893e-07,0.09950274483757161
UNET,242,567,1.0696503941238487e-15,3.2705510149267644e-08,2.0599190592022008e-08,2.78282797428923e-09,3.8553253034478985e-07,0.08500326898716488
UNET,243,2144,7.609478498062968e-16,2.7585283210550817e-08,1.687222367114752e-08,1.0560634632253495e-09,2.798587956931442e-07,0.07943961721078714
UNET,244,2271,1.8093287027389557e-14,1.345112895908353e-07,1.0027978586392928e-07,4.7460091326279105e-08,3.434461177675985e-07,0.1721585288940032
UNET,245,2755,1.4909666640355113e-15,3.861303748781636e-08,2.5807792108450146e-08,5.339338227674765e-09,2.405097347946139e-07,0.09085048931640019
UNET,246,162,1.680074982311827e-15,4.0988717744177204e-08,2.8491160406996014e-08,1.5367749117990295e-08,3.5808761822408997e-07,0.10807729789350422
UNET,247,2227,8.931283052662249e-16,2.9885252303874314e-08,1.516140592659145e-08,5.288568341376628e-10,2.808592398650944e-07,0.07354285405783928
UNET,248,2413,5.356410452072598e-15,7.318750202099125e-08,5.4864223627603116e-08,-4.3958876870522644e-08,3.8825680803711293e-07,0.12256008666807391
UNET,249,2876,1.1857467242659793e-15,3.443467328530909e-08,2.3414170959473734e-08,5.052656497978903e-09,3.4207960197818466e-07,0.09315260096425823
UNET,250,1455,1.0052208751371478e-15,3.1705218421218104e-08,1.9132905372664585e-08,1.0886069239994895e-08,4.389471541799139e-07,0.10389609370058737
UNET,251,2154,3.940506402104454e-14,1.985070880876664e-07,1.6337902723254838e-07,8.509490239132848e-08,7.191140412032837e-07,0.1767834750156352
UNET,252,2833,4.436344112849873e-15,6.660588647296778e-08,5.055670209341472e-08,1.513697063853416e-08,2.7889018383575603e-07,0.13991304120696008
UNET,253,1770,8.715066111807309e-16,2.9521290811560577e-08,1.9756574792605534e-08,-1.1523261873157394e-08,2.580177351774182e-07,0.06695129016887583
UNET,254,2659,3.959274672410424e-15,6.29227675202738e-08,4.817029209162405e-08,2.74202887771124e-08,5.063652679382358e-07,0.07363000280208802
UNET,255,1450,3.908127640203438e-16,1.9768984901110725e-08,1.0795750099519981e-08,-3.6049819543646473e-09,2.3578240870847367e-07,0.059100667364917224
UNET,256,2704,8.768212571542305e-16,2.9611167777617796e-08,1.838516576276413e-08,-1.2522476963179993e-08,2.7685427994583733e-07,0.0700236025742886
UNET,257,321,2.5063836899668292e-15,5.00637962001168e-08,3.714078838600357e-08,1.6118809438534334e-08,3.382988325029146e-07,0.14309082952371682
UNET,258,1809,1.5148603425503761e-15,3.892120684858547e-08,2.696665416339001e-08,-2.102693695731585e-08,3.19543147497825e-07,0.08736318854132727
UNET,259,30,2.6855113695878922e-15,5.1821919779065425e-08,3.5452991885951915e-08,7.682983435917388e-10,3.639020178525243e-07,0.09368513777687797
UNET,260,1437,5.267645957589726e-16,2.2951352808908075e-08,1.405764650035333e-08,6.8185731612551705e-09,3.260661287640687e-07,0.07313744925279106
UNET,261,2807,4.207845083272347e-15,6.486790487808548e-08,4.226981441352259e-08,3.247232358854227e-08,4.026626356790075e-07,0.12345693936806136
UNET,262,463,7.583672945641721e-15,8.708428644503968e-08,6.440916078784503e-08,4.660890783979466e-08,5.301496912579751e-07,0.09759071655766965
UNET,263,1812,7.80935380844262e-15,8.837054830905271e-08,5.955533358940519e-08,4.350013333521409e-08,4.0813097257341724e-07,0.13481249337107207
UNET,264,1127,2.7421052991909087e-15,5.2365115288624246e-08,3.4734377755479276e-08,-1.0628876488480389e-08,3.950390237150714e-07,0.07373807244163791
UNET,265,1435,5.003425419673738e-14,2.2368337934843836e-07,1.7589837560488136e-07,-1.2738752575540855e-07,1.058999941960792e-06,0.14039222674086152
UNET,266,601,1.0711318780602319e-14,1.0349550125779536e-07,8.209118456274841e-08,6.290884511779e-08,5.842834980285261e-07,0.13156108386115514
UNET,267,1366,1.4290383174647446e-15,3.780262315587034e-08,2.6093785359267737e-08,9.214475786502167e-10,2.978790689667221e-07,0.08007960417031143
UNET,268,298,8.459951477462099e-15,9.197799452837673e-08,6.555774129809363e-08,4.5204121997988626e-08,3.467213218755205e-07,0.176335033665517
UNET,269,676,2.174281790167145e-15,4.662919461203619e-08,2.8600931800812004e-08,1.5599902641576797e-08,4.0176655602408573e-07,0.11096809981021542
UNET,270,1902,4.4366265581908874e-15,6.660800671233817e-08,5.0469659495483564e-08,2.2540784348551544e-08,2.812926140904892e-07,0.1438543384025581
UNET,271,2430,1.990200307536458e-14,1.4107445933039963e-07,1.0295441217213992e-07,-4.339473355812021e-09,7.017856660240795e-07,0.1629752202269969
UNET,272,2527,1.2583457400978858e-15,3.54731692987515e-08,2.1029555656597452e-08,1.3523564022506242e-08,3.5945504350820556e-07,0.1032424755306112
UNET,273,73,2.281195462881945e-15,4.776186201229957e-08,3.4571442273989087e-08,1.610124302101007e-08,2.7272426450508647e-07,0.09359047422599928
UNET,274,869,1.8373641418525858e-15,4.2864485787800904e-08,3.03235821203185e-08,1.7676341929579668e-08,3.857931005768478e-07,0.13486141000873073
UNET,275,1675,1.4517503892144992e-15,3.810184233359982e-08,2.5497883145976404e-08,9.089245668970834e-09,2.2979384084464982e-07,0.07815520382289434
UNET,276,1950,1.1835893481986883e-14,1.08792892607867e-07,6.730081958137596e-08,1.0013257657302182e-08,1.0178089269174961e-06,0.14601250862584703
UNET,277,2196,1.053128626379551e-15,3.24519433374883e-08,1.9512765079831765e-08,9.358941279663484e-09,1.977446117962245e-07,0.09747401870801252
UNET,278,990,9.968565185146694e-16,3.15730346738268e-08,1.6218997821779405e-08,1.3654109167922521e-08,4.2185911297565326e-07,0.09293939712186287
UNET,279,408,1.042318287564651e-14,1.0209399039927135e-07,7.862077584826779e-08,4.4230446420743e-08,3.3246396924369037e-07,0.16414584161968476
UNET,280,964,3.772143039018965e-15,6.141777461793096e-08,4.0807033429609986e-08,8.79023909357559e-09,3.5220227800891735e-07,0.09768950094936625
UNET,281,332,1.0025103698171065e-15,3.1662444154188516e-08,1.873419667905683e-08,-1.647092919532271e-09,2.9251941668917425e-07,0.06671423238304287
UNET,282,1736,2.722181799462037e-15,5.21745320962444e-08,3.9552721476072695e-08,9.460428071163575e-09,2.560595930845011e-07,0.12395262877829784
UNET,283,2223,3.963197675889839e-15,6.295393296601761e-08,4.8275448540241986e-08,2.3502470457377706e-08,3.2488924261997454e-07,0.09699047530984359
UNET,284,1423,1.1663804284136825e-15,3.4152312197180476e-08,2.1066904004808012e-08,5.759901833515888e-10,4.0706436266191304e-07,0.09696538686301516
UNET,285,565,2.1321530561592828e-15,4.6175242892260813e-08,2.824563884816883e-08,-3.816907138492046e-09,2.7162968763150275e-07,0.09953451837513368
UNET,286,879,7.926823787463111e-16,2.815461558512762e-08,1.7687413859103555e-08,-1.1523162477071838e-08,3.1363151720142923e-07,0.0743619279459428
UNET,287,1590,2.8629830058913537e-15,5.350685008381033e-08,2.7930904284347392e-08,-8.00635943399078e-09,1.0193143680226058e-06,0.08993327134238416
UNET,288,1525,4.765999371082558e-15,6.903621782139109e-08,3.801320045612404e-08,-2.6158778061353797e-08,3.763776703635813e-07,0.16025206114659463
UNET,289,1596,3.3572156065919234e-15,5.7941484331969984e-08,3.5384328776311685e-08,1.3377919140607562e-09,3.862376161123393e-07,0.12826983722586138
UNET,290,368,4.2201909888983844e-15,6.496299707447606e-08,4.94394434496784e-08,2.812882492036768e-08,3.3688320399960503e-07,0.1575047294226085
UNET,291,1674,1.6621183198268432e-15,4.076908534449655e-08,1.5999056273524807e-08,9.902090437341901e-09,5.2595851229853e-07,0.1063032175499073
UNET,292,2670,2.829707196611637e-16,1.682173355100965e-08,9.535337387479783e-09,-3.5293909546002e-09,3.051495696126949e-07,0.047398322540921634
UNET,293,1656,1.0868489522071485e-15,3.296739225670039e-08,1.2054276108290304e-08,-7.733584961582993e-09,3.3145397537737153e-07,0.08637086026882337
UNET,294,962,5.780801551970416e-15,7.603158259546105e-08,5.627954707698081e-08,4.092937990563849e-08,3.205182679266727e-07,0.1636751436547146
UNET,295,1609,1.5529301001155505e-15,3.9407234108924095e-08,2.4584628829800236e-08,-2.170263707231747e-08,3.002737116730714e-07,0.0815288679442971
UNET,296,239,9.51485391505722e-15,9.754411266220643e-08,6.68419734309812e-08,3.5407719131695295e-08,4.491522531679948e-07,0.18390668380411695
UNET,297,2623,3.658481793343234e-15,6.048538495655983e-08,4.4425709648493666e-08,1.1290697208112224e-08,3.369582373125013e-07,0.11331030553164531
UNET,298,1271,6.244010854795593e-15,7.90190537452556e-08,5.7217790585091e-08,2.4605042672005776e-08,3.2491834645043127e-07,0.13486479174588178
