member_id,split,original_idx,split_idx
all,test,93,0
all,test,2687,1
all,test,2381,2
all,test,2163,3
all,test,1776,4
all,test,2516,5
all,test,2589,6
all,test,535,7
all,test,900,8
all,test,2273,9
all,test,1272,10
all,test,527,11
all,test,680,12
all,test,471,13
all,test,2110,14
all,test,844,15
all,test,1929,16
all,test,1025,17
all,test,2793,18
all,test,2212,19
all,test,63,20
all,test,479,21
all,test,1767,22
all,test,811,23
all,test,2848,24
all,test,1295,25
all,test,322,26
all,test,1915,27
all,test,1241,28
all,test,605,29
all,test,1010,30
all,test,1351,31
all,test,102,32
all,test,1798,33
all,test,1068,34
all,test,2804,35
all,test,1789,36
all,test,1825,37
all,test,718,38
all,test,1344,39
all,test,1977,40
all,test,144,41
all,test,2346,42
all,test,291,43
all,test,2058,44
all,test,2398,45
all,test,1497,46
all,test,2319,47
all,test,2605,48
all,test,1278,49
all,test,2921,50
all,test,2766,51
all,test,2579,52
all,test,1730,53
all,test,486,54
all,test,511,55
all,test,2121,56
all,test,52,57
all,test,965,58
all,test,1874,59
all,test,929,60
all,test,1553,61
all,test,2412,62
all,test,45,63
all,test,1381,64
all,test,532,65
all,test,1097,66
all,test,2603,67
all,test,651,68
all,test,2541,69
all,test,2431,70
all,test,1188,71
all,test,1711,72
all,test,0,73
all,test,598,74
all,test,289,75
all,test,1641,76
all,test,807,77
all,test,2457,78
all,test,812,79
all,test,2549,80
all,test,2459,81
all,test,831,82
all,test,1502,83
all,test,1957,84
all,test,196,85
all,test,2222,86
all,test,2040,87
all,test,2763,88
all,test,2839,89
all,test,1933,90
all,test,194,91
all,test,2563,92
all,test,256,93
all,test,1732,94
all,test,1937,95
all,test,331,96
all,test,2764,97
all,test,2632,98
all,test,2654,99
all,test,612,100
all,test,746,101
all,test,457,102
all,test,1897,103
all,test,1912,104
all,test,736,105
all,test,2127,106
all,test,410,107
all,test,51,108
all,test,2441,109
all,test,2323,110
all,test,764,111
all,test,1505,112
all,test,700,113
all,test,1422,114
all,test,2823,115
all,test,1624,116
all,test,2936,117
all,test,1763,118
all,test,1237,119
all,test,1894,120
all,test,2303,121
all,test,1116,122
all,test,2377,123
all,test,1410,124
all,test,2329,125
all,test,1345,126
all,test,1720,127
all,test,1337,128
all,test,2406,129
all,test,691,130
all,test,554,131
all,test,203,132
all,test,1990,133
all,test,2295,134
all,test,67,135
all,test,1726,136
all,test,2010,137
all,test,817,138
all,test,1565,139
all,test,2945,140
all,test,433,141
all,test,1578,142
all,test,1206,143
all,test,2446,144
all,test,1762,145
all,test,2618,146
all,test,1089,147
all,test,650,148
all,test,1716,149
all,test,124,150
all,test,324,151
all,test,296,152
all,test,192,153
all,test,246,154
all,test,1091,155
all,test,1662,156
all,test,670,157
all,test,432,158
all,test,1995,159
all,test,2588,160
all,test,785,161
all,test,1966,162
all,test,594,163
all,test,2405,164
all,test,2606,165
all,test,790,166
all,test,178,167
all,test,1286,168
all,test,1741,169
all,test,543,170
all,test,1106,171
all,test,1681,172
all,test,174,173
all,test,1554,174
all,test,1833,175
all,test,80,176
all,test,32,177
all,test,1601,178
all,test,2748,179
all,test,999,180
all,test,1207,181
all,test,2073,182
all,test,759,183
all,test,727,184
all,test,528,185
all,test,211,186
all,test,1764,187
all,test,88,188
all,test,1842,189
all,test,1800,190
all,test,1637,191
all,test,2664,192
all,test,544,193
all,test,1672,194
all,test,2254,195
all,test,485,196
all,test,443,197
all,test,781,198
all,test,1896,199
all,test,2944,200
all,test,141,201
all,test,460,202
all,test,2639,203
all,test,354,204
all,test,1442,205
all,test,2533,206
all,test,1273,207
all,test,175,208
all,test,2242,209
all,test,2136,210
all,test,2779,211
all,test,1378,212
all,test,2188,213
all,test,1835,214
all,test,2749,215
all,test,506,216
all,test,1465,217
all,test,1196,218
all,test,1607,219
all,test,177,220
all,test,940,221
all,test,1362,222
all,test,184,223
all,test,2909,224
all,test,2093,225
all,test,765,226
all,test,2425,227
all,test,2547,228
all,test,1090,229
all,test,44,230
all,test,1321,231
all,test,420,232
all,test,2357,233
all,test,2718,234
all,test,507,235
all,test,251,236
all,test,2469,237
all,test,787,238
all,test,840,239
all,test,2712,240
all,test,644,241
all,test,567,242
all,test,2144,243
all,test,2271,244
all,test,2755,245
all,test,162,246
all,test,2227,247
all,test,2413,248
all,test,2876,249
all,test,1455,250
all,test,2154,251
all,test,2833,252
all,test,1770,253
all,test,2659,254
all,test,1450,255
all,test,2704,256
all,test,321,257
all,test,1809,258
all,test,30,259
all,test,1437,260
all,test,2807,261
all,test,463,262
all,test,1812,263
all,test,1127,264
all,test,1435,265
all,test,601,266
all,test,1366,267
all,test,298,268
all,test,676,269
all,test,1902,270
all,test,2430,271
all,test,2527,272
all,test,73,273
all,test,869,274
all,test,1675,275
all,test,1950,276
all,test,2196,277
all,test,990,278
all,test,408,279
all,test,964,280
all,test,332,281
all,test,1736,282
all,test,2223,283
all,test,1423,284
all,test,565,285
all,test,879,286
all,test,1590,287
all,test,1525,288
all,test,1596,289
all,test,368,290
all,test,1674,291
all,test,2670,292
all,test,1656,293
all,test,962,294
all,test,1609,295
all,test,239,296
all,test,2623,297
all,test,1271,298
0,train,209,0
0,train,1234,1
0,train,524,2
0,train,1194,3
0,train,2113,4
0,train,2155,5
0,train,1604,6
0,train,2851,7
0,train,2625,8
0,train,1562,9
0,train,1353,10
0,train,125,11
0,train,1723,12
0,train,210,13
0,train,2247,14
0,train,1215,15
0,train,2012,16
0,train,867,17
0,train,242,18
0,train,2774,19
0,train,2640,20
0,train,2495,21
0,train,1597,22
0,train,148,23
0,train,412,24
0,train,440,25
0,train,2077,26
0,train,2198,27
0,train,1573,28
0,train,1640,29
0,train,2765,30
0,train,2652,31
0,train,25,32
0,train,937,33
0,train,1772,34
0,train,2164,35
0,train,2467,36
0,train,2152,37
0,train,1015,38
0,train,839,39
0,train,2463,40
0,train,1895,41
0,train,2221,42
0,train,660,43
0,train,614,44
0,train,956,45
0,train,766,46
0,train,1430,47
0,train,2214,48
0,train,1905,49
0,train,2691,50
0,train,2068,51
0,train,2477,52
0,train,2829,53
0,train,634,54
0,train,2286,55
0,train,2186,56
0,train,2637,57
0,train,2604,58
0,train,2752,59
0,train,1431,60
0,train,2865,61
0,train,1547,62
0,train,733,63
0,train,1100,64
0,train,1017,65
0,train,147,66
0,train,2690,67
0,train,2490,68
0,train,1920,69
0,train,1558,70
0,train,2194,71
0,train,732,72
0,train,49,73
0,train,2307,74
0,train,1900,75
0,train,2404,76
0,train,116,77
0,train,897,78
0,train,2879,79
0,train,1250,80
0,train,1428,81
0,train,593,82
0,train,2361,83
0,train,437,84
0,train,762,85
0,train,1076,86
0,train,671,87
0,train,2313,88
0,train,227,89
0,train,2769,90
0,train,1415,91
0,train,2598,92
0,train,2470,93
0,train,1503,94
0,train,2283,95
0,train,1881,96
0,train,1510,97
0,train,919,98
0,train,570,99
0,train,255,100
0,train,1479,101
0,train,2245,102
0,train,695,103
0,train,2822,104
0,train,156,105
0,train,2344,106
0,train,943,107
0,train,2208,108
0,train,1517,109
0,train,2060,110
0,train,1462,111
0,train,1676,112
0,train,1967,113
0,train,1302,114
0,train,2881,115
0,train,541,116
0,train,2969,117
0,train,2402,118
0,train,2530,119
0,train,24,120
0,train,1324,121
0,train,1748,122
0,train,2015,123
0,train,2809,124
0,train,1373,125
0,train,1309,126
0,train,230,127
0,train,830,128
0,train,2129,129
0,train,887,130
0,train,81,131
0,train,415,132
0,train,2592,133
0,train,224,134
0,train,2596,135
0,train,2499,136
0,train,1853,137
0,train,1685,138
0,train,2658,139
0,train,2147,140
0,train,2280,141
0,train,1797,142
0,train,2296,143
0,train,1443,144
0,train,860,145
0,train,369,146
0,train,2248,147
0,train,2554,148
0,train,2736,149
0,train,1160,150
0,train,2814,151
0,train,1065,152
0,train,14,153
0,train,2511,154
0,train,1474,155
0,train,2979,156
0,train,728,157
0,train,2535,158
0,train,77,159
0,train,2331,160
0,train,2074,161
0,train,2158,162
0,train,577,163
0,train,560,164
0,train,1134,165
0,train,1236,166
0,train,2219,167
0,train,1128,168
0,train,618,169
0,train,143,170
0,train,376,171
0,train,96,172
0,train,1498,173
0,train,636,174
0,train,2080,175
0,train,2709,176
0,train,1962,177
0,train,284,178
0,train,581,179
0,train,705,180
0,train,465,181
0,train,1492,182
0,train,2421,183
0,train,204,184
0,train,2675,185
0,train,283,186
0,train,2229,187
0,train,552,188
0,train,931,189
0,train,1704,190
0,train,1611,191
0,train,2064,192
0,train,1721,193
0,train,2760,194
0,train,2714,195
0,train,413,196
0,train,2342,197
0,train,374,198
0,train,1131,199
0,train,2087,200
0,train,1411,201
0,train,1139,202
0,train,395,203
0,train,2335,204
0,train,1495,205
0,train,791,206
0,train,336,207
0,train,2688,208
0,train,2176,209
0,train,269,210
0,train,615,211
0,train,406,212
0,train,555,213
0,train,549,214
0,train,2985,215
0,train,2043,216
0,train,1932,217
0,train,46,218
0,train,301,219
0,train,496,220
0,train,2328,221
0,train,2028,222
0,train,2649,223
0,train,1276,224
0,train,2558,225
0,train,1813,226
0,train,2217,227
0,train,991,228
0,train,1898,229
0,train,2965,230
0,train,584,231
0,train,1673,232
0,train,2030,233
0,train,1061,234
0,train,1925,235
0,train,910,236
0,train,181,237
0,train,704,238
0,train,2887,239
0,train,379,240
0,train,2133,241
0,train,498,242
0,train,2172,243
0,train,2360,244
0,train,2486,245
0,train,815,246
0,train,747,247
0,train,355,248
0,train,1738,249
0,train,902,250
0,train,1488,251
0,train,2197,252
0,train,1569,253
0,train,103,254
0,train,1946,255
0,train,2834,256
0,train,220,257
0,train,1546,258
0,train,773,259
0,train,1773,260
0,train,2351,261
0,train,3,262
0,train,2734,263
0,train,338,264
0,train,362,265
0,train,2559,266
0,train,2411,267
0,train,1969,268
0,train,2438,269
0,train,620,270
0,train,313,271
0,train,874,272
0,train,2856,273
0,train,1887,274
0,train,2751,275
0,train,1817,276
0,train,1165,277
0,train,304,278
0,train,57,279
0,train,799,280
0,train,681,281
0,train,1225,282
0,train,756,283
0,train,2373,284
0,train,1653,285
0,train,2236,286
0,train,2526,287
0,train,2971,288
0,train,2967,289
0,train,2672,290
0,train,2455,291
0,train,1794,292
0,train,2124,293
0,train,652,294
0,train,305,295
0,train,915,296
0,train,146,297
0,train,917,298
0,train,1575,299
0,train,968,300
0,train,1571,301
0,train,319,302
0,train,2139,303
0,train,2238,304
0,train,1146,305
0,train,1889,306
0,train,865,307
0,train,2615,308
0,train,1140,309
0,train,774,310
0,train,1060,311
0,train,2792,312
0,train,2270,313
0,train,610,314
0,train,1397,315
0,train,219,316
0,train,1568,317
0,train,1530,318
0,train,317,319
0,train,2825,320
0,train,1270,321
0,train,2327,322
0,train,2645,323
0,train,645,324
0,train,187,325
0,train,60,326
0,train,34,327
0,train,1803,328
0,train,2759,329
0,train,550,330
0,train,2697,331
0,train,525,332
0,train,1338,333
0,train,1948,334
0,train,2067,335
0,train,2287,336
0,train,2466,337
0,train,716,338
0,train,627,339
0,train,936,340
0,train,973,341
0,train,2835,342
0,train,1164,343
0,train,2306,344
0,train,669,345
0,train,1750,346
0,train,2410,347
0,train,100,348
0,train,861,349
0,train,1507,350
0,train,2111,351
0,train,707,352
0,train,872,353
0,train,911,354
0,train,2740,355
0,train,2626,356
0,train,1952,357
0,train,1197,358
0,train,265,359
0,train,2250,360
0,train,563,361
0,train,367,362
0,train,626,363
0,train,2339,364
0,train,2781,365
0,train,339,366
0,train,2284,367
0,train,616,368
0,train,2867,369
0,train,2340,370
0,train,1888,371
0,train,1421,372
0,train,2621,373
0,train,972,374
0,train,1744,375
0,train,1784,376
0,train,1860,377
0,train,2001,378
0,train,2207,379
0,train,878,380
0,train,1564,381
0,train,1671,382
0,train,327,383
0,train,1718,384
0,train,835,385
0,train,330,386
0,train,2806,387
0,train,226,388
0,train,2772,389
0,train,105,390
0,train,1729,391
0,train,258,392
0,train,1064,393
0,train,2826,394
0,train,1283,395
0,train,587,396
0,train,1390,397
0,train,1516,398
0,train,249,399
0,train,2189,400
0,train,2899,401
0,train,1336,402
0,train,2437,403
0,train,58,404
0,train,1892,405
0,train,2117,406
0,train,776,407
0,train,2200,408
0,train,476,409
0,train,112,410
0,train,2008,411
0,train,881,412
0,train,240,413
0,train,145,414
0,train,481,415
0,train,1566,416
0,train,82,417
0,train,375,418
0,train,2745,419
0,train,2239,420
0,train,2900,421
0,train,741,422
0,train,1166,423
0,train,743,424
0,train,1791,425
0,train,2205,426
0,train,1694,427
0,train,1799,428
0,train,2448,429
0,train,396,430
0,train,884,431
0,train,1737,432
0,train,985,433
0,train,789,434
0,train,2492,435
0,train,2263,436
0,train,311,437
0,train,130,438
0,train,1388,439
0,train,1448,440
0,train,664,441
0,train,2627,442
0,train,2464,443
0,train,92,444
0,train,1372,445
0,train,2255,446
0,train,2608,447
0,train,788,448
0,train,2442,449
0,train,1168,450
0,train,1520,451
0,train,1548,452
0,train,152,453
0,train,480,454
0,train,2782,455
0,train,2420,456
0,train,2959,457
0,train,760,458
0,train,2676,459
0,train,1642,460
0,train,36,461
0,train,959,462
0,train,1909,463
0,train,780,464
0,train,2808,465
0,train,1942,466
0,train,1928,467
0,train,2063,468
0,train,591,469
0,train,963,470
0,train,2502,471
0,train,880,472
0,train,1382,473
0,train,307,474
0,train,1348,475
0,train,94,476
0,train,1298,477
0,train,188,478
0,train,333,479
0,train,1983,480
0,train,2544,481
0,train,1619,482
0,train,2105,483
0,train,1306,484
0,train,2039,485
0,train,2443,486
0,train,2153,487
0,train,1489,488
0,train,945,489
0,train,501,490
0,train,438,491
0,train,987,492
0,train,935,493
0,train,2642,494
0,train,1046,495
0,train,2580,496
0,train,556,497
0,train,1994,498
0,train,2655,499
0,train,1055,500
0,train,1133,501
0,train,713,502
0,train,1768,503
0,train,385,504
0,train,1679,505
0,train,810,506
0,train,1680,507
0,train,199,508
0,train,2408,509
0,train,1666,510
0,train,2717,511
0,train,1709,512
0,train,418,513
0,train,1487,514
0,train,341,515
0,train,724,516
0,train,1293,517
0,train,464,518
0,train,1391,519
0,train,2468,520
0,train,405,521
0,train,4,522
0,train,2646,523
0,train,470,524
0,train,520,525
0,train,2316,526
0,train,889,527
0,train,2119,528
0,train,1030,529
0,train,2842,530
0,train,1684,531
0,train,1122,532
0,train,1508,533
0,train,1600,534
0,train,967,535
0,train,674,536
0,train,1514,537
0,train,421,538
0,train,1638,539
0,train,2830,540
0,train,583,541
0,train,1259,542
0,train,1161,543
0,train,1843,544
0,train,109,545
0,train,1841,546
0,train,2715,547
0,train,1645,548
0,train,1486,549
0,train,2616,550
0,train,984,551
0,train,128,552
0,train,2428,553
0,train,2591,554
0,train,1700,555
0,train,1075,556
0,train,1310,557
0,train,1778,558
0,train,2206,559
0,train,33,560
0,train,2705,561
0,train,1540,562
0,train,2005,563
0,train,2966,564
0,train,1242,565
0,train,1072,566
0,train,2471,567
0,train,37,568
0,train,113,569
0,train,214,570
0,train,1532,571
0,train,2036,572
0,train,2831,573
0,train,2970,574
0,train,2682,575
0,train,2708,576
0,train,2458,577
0,train,1002,578
0,train,1008,579
0,train,1644,580
0,train,2081,581
0,train,59,582
0,train,2059,583
0,train,1118,584
0,train,2161,585
0,train,1304,586
0,train,1612,587
0,train,2224,588
0,train,994,589
0,train,1734,590
0,train,2519,591
0,train,221,592
0,train,1182,593
0,train,2924,594
0,train,41,595
0,train,2396,596
0,train,1810,597
0,train,1751,598
0,train,2728,599
0,train,2707,600
0,train,2824,601
0,train,1439,602
0,train,2775,603
0,train,803,604
0,train,559,605
0,train,2366,606
0,train,1771,607
0,train,2347,608
0,train,2802,609
0,train,633,610
0,train,1499,611
0,train,2301,612
0,train,1654,613
0,train,838,614
0,train,998,615
0,train,2216,616
0,train,1174,617
0,train,2362,618
0,train,400,619
0,train,222,620
0,train,1549,621
0,train,2757,622
0,train,2595,623
0,train,2451,624
0,train,2452,625
0,train,429,626
0,train,846,627
0,train,685,628
0,train,326,629
0,train,316,630
0,train,1814,631
0,train,468,632
0,train,2843,633
0,train,533,634
0,train,308,635
0,train,453,636
0,train,890,637
0,train,2601,638
0,train,2725,639
0,train,1408,640
0,train,1001,641
0,train,352,642
0,train,1071,643
0,train,2794,644
0,train,267,645
0,train,397,646
0,train,417,647
0,train,425,648
0,train,2882,649
0,train,2538,650
0,train,1550,651
0,train,232,652
0,train,820,653
0,train,2253,654
0,train,1837,655
0,train,2240,656
0,train,1328,657
0,train,1850,658
0,train,2926,659
0,train,717,660
0,train,1705,661
0,train,2635,662
0,train,195,663
0,train,2401,664
0,train,1735,665
0,train,404,666
0,train,2537,667
0,train,2292,668
0,train,1851,669
0,train,2382,670
0,train,1712,671
0,train,1392,672
0,train,1697,673
0,train,1934,674
0,train,509,675
0,train,2126,676
0,train,588,677
0,train,2927,678
0,train,793,679
0,train,43,680
0,train,621,681
0,train,110,682
0,train,502,683
0,train,624,684
0,train,189,685
0,train,135,686
0,train,1701,687
0,train,1652,688
0,train,978,689
0,train,974,690
0,train,90,691
0,train,2403,692
0,train,2310,693
0,train,1862,694
0,train,2683,695
0,train,2968,696
0,train,1400,697
0,train,2837,698
0,train,2888,699
0,train,2510,700
0,train,1466,701
0,train,640,702
0,train,2883,703
0,train,2267,704
0,train,1335,705
0,train,2392,706
0,train,2630,707
0,train,2820,708
0,train,1616,709
0,train,1760,710
0,train,2022,711
0,train,514,712
0,train,1715,713
0,train,2737,714
0,train,1436,715
0,train,1412,716
0,train,1239,717
0,train,2609,718
0,train,1879,719
0,train,1180,720
0,train,1305,721
0,train,2261,722
0,train,2148,723
0,train,1033,724
0,train,515,725
0,train,2503,726
0,train,1824,727
0,train,2294,728
0,train,2393,729
0,train,2821,730
0,train,120,731
0,train,2177,732
0,train,1677,733
0,train,1357,734
0,train,2778,735
0,train,206,736
0,train,2181,737
0,train,1963,738
0,train,523,739
0,train,2433,740
0,train,1147,741
0,train,2450,742
0,train,55,743
0,train,845,744
0,train,1330,745
0,train,596,746
0,train,1551,747
0,train,1069,748
0,train,288,749
0,train,2249,750
0,train,1884,751
0,train,1539,752
0,train,2320,753
0,train,2512,754
0,train,277,755
0,train,2053,756
0,train,2185,757
0,train,2183,758
0,train,2422,759
0,train,2167,760
0,train,926,761
0,train,2317,762
0,train,2931,763
0,train,875,764
0,train,1424,765
0,train,2484,766
0,train,218,767
0,train,1155,768
0,train,850,769
0,train,2106,770
0,train,992,771
0,train,2893,772
0,train,1245,773
0,train,586,774
0,train,386,775
0,train,970,776
0,train,2062,777
0,train,2845,778
0,train,808,779
0,train,2954,780
0,train,1782,781
0,train,1755,782
0,train,2453,783
0,train,797,784
0,train,2522,785
0,train,492,786
0,train,233,787
0,train,1981,788
0,train,993,789
0,train,8,790
0,train,2896,791
0,train,2056,792
0,train,2101,793
0,train,1659,794
0,train,825,795
0,train,38,796
0,train,2456,797
0,train,114,798
0,train,2365,799
0,train,2352,800
0,train,597,801
0,train,168,802
0,train,1291,803
0,train,1184,804
0,train,2577,805
0,train,873,806
0,train,2548,807
0,train,950,808
0,train,2230,809
0,train,2475,810
0,train,907,811
0,train,818,812
0,train,1114,813
0,train,2358,814
0,train,693,815
0,train,1731,816
0,train,53,817
0,train,1039,818
0,train,719,819
0,train,2213,820
0,train,2276,821
0,train,2409,822
0,train,466,823
0,train,2695,824
0,train,449,825
0,train,295,826
0,train,158,827
0,train,2337,828
0,train,1961,829
0,train,274,830
0,train,770,831
0,train,1603,832
0,train,796,833
0,train,12,834
0,train,361,835
0,train,1906,836
0,train,2771,837
0,train,2264,838
0,train,2497,839
0,train,662,840
0,train,76,841
0,train,1702,842
0,train,734,843
0,train,2141,844
0,train,1885,845
0,train,763,846
0,train,904,847
0,train,592,848
0,train,754,849
0,train,1045,850
0,train,293,851
0,train,1688,852
0,train,2385,853
0,train,2108,854
0,train,2901,855
0,train,48,856
0,train,2274,857
0,train,439,858
0,train,740,859
0,train,578,860
0,train,726,861
0,train,442,862
0,train,472,863
0,train,1092,864
0,train,2397,865
0,train,1916,866
0,train,2950,867
0,train,1209,868
0,train,2741,869
0,train,441,870
0,train,1312,871
0,train,1038,872
0,train,540,873
0,train,356,874
0,train,2611,875
0,train,142,876
0,train,2953,877
0,train,1151,878
0,train,198,879
0,train,2160,880
0,train,2584,881
0,train,31,882
0,train,393,883
0,train,2244,884
0,train,2151,885
0,train,1222,886
0,train,738,887
0,train,1346,888
0,train,786,889
0,train,2743,890
0,train,1706,891
0,train,2600,892
0,train,1318,893
0,train,2246,894
0,train,2628,895
0,train,2322,896
0,train,1882,897
0,train,2785,898
0,train,2557,899
0,train,675,900
0,train,2084,901
0,train,731,902
0,train,1314,903
0,train,64,904
0,train,2416,905
0,train,2479,906
0,train,2573,907
0,train,997,908
0,train,1588,909
0,train,2877,910
0,train,2473,911
0,train,2889,912
0,train,1840,913
0,train,1733,914
0,train,1243,915
0,train,155,916
0,train,2980,917
0,train,1130,918
0,train,2786,919
0,train,2103,920
0,train,1529,921
0,train,1845,922
0,train,2813,923
0,train,534,924
0,train,757,925
0,train,2891,926
0,train,1329,927
0,train,346,928
0,train,1974,929
0,train,2203,930
0,train,2590,931
0,train,205,932
0,train,2509,933
0,train,1018,934
0,train,276,935
0,train,71,936
0,train,2460,937
0,train,1103,938
0,train,1769,939
0,train,1149,940
0,train,22,941
0,train,2500,942
0,train,849,943
0,train,1102,944
0,train,632,945
0,train,1369,946
0,train,2211,947
0,train,2777,948
0,train,2783,949
0,train,1971,950
0,train,163,951
0,train,104,952
0,train,416,953
0,train,2644,954
0,train,2768,955
0,train,1202,956
0,train,829,957
0,train,223,958
0,train,1846,959
0,train,706,960
0,train,171,961
0,train,1481,962
0,train,150,963
0,train,1178,964
0,train,761,965
0,train,137,966
0,train,2668,967
0,train,27,968
0,train,518,969
0,train,1289,970
0,train,1274,971
0,train,2343,972
0,train,411,973
0,train,1997,974
0,train,1427,975
0,train,2565,976
0,train,207,977
0,train,2680,978
0,train,2169,979
0,train,678,980
0,train,665,981
0,train,272,982
0,train,2290,983
0,train,966,984
0,train,1325,985
0,train,730,986
0,train,241,987
0,train,1137,988
0,train,1777,989
0,train,1783,990
0,train,687,991
0,train,505,992
0,train,2143,993
0,train,1023,994
0,train,2582,995
0,train,20,996
0,train,888,997
0,train,1317,998
0,train,2912,999
0,train,2415,1000
0,train,1099,1001
0,train,1577,1002
0,train,2112,1003
0,train,1985,1004
0,train,1280,1005
0,train,149,1006
0,train,2462,1007
0,train,1211,1008
0,train,345,1009
0,train,667,1010
0,train,1285,1011
0,train,2019,1012
0,train,403,1013
0,train,821,1014
0,train,885,1015
0,train,957,1016
0,train,1022,1017
0,train,813,1018
0,train,1695,1019
0,train,1141,1020
0,train,1419,1021
0,train,1533,1022
0,train,1557,1023
0,train,1447,1024
0,train,1082,1025
0,train,2395,1026
0,train,91,1027
0,train,1246,1028
0,train,462,1029
0,train,2857,1030
0,train,2612,1031
0,train,1249,1032
0,train,1921,1033
0,train,512,1034
0,train,2914,1035
0,train,447,1036
0,train,2218,1037
0,train,2128,1038
0,train,2091,1039
0,train,2166,1040
0,train,119,1041
0,train,366,1042
0,train,2252,1043
0,train,2919,1044
0,train,2338,1045
0,train,1541,1046
0,train,454,1047
0,train,1341,1048
0,train,2960,1049
0,train,928,1050
0,train,2874,1051
0,train,323,1052
0,train,2739,1053
0,train,1113,1054
0,train,1077,1055
0,train,1162,1056
0,train,2476,1057
0,train,1079,1058
0,train,1484,1059
0,train,1806,1060
0,train,1591,1061
0,train,1625,1062
0,train,1233,1063
0,train,1049,1064
0,train,566,1065
0,train,1941,1066
0,train,383,1067
0,train,2827,1068
0,train,2251,1069
0,train,909,1070
0,train,474,1071
0,train,1655,1072
0,train,1542,1073
0,train,1292,1074
0,train,65,1075
0,train,1,1076
0,train,2424,1077
0,train,2265,1078
0,train,2234,1079
0,train,2803,1080
0,train,1537,1081
0,train,26,1082
0,train,709,1083
0,train,824,1084
0,train,290,1085
0,train,1004,1086
0,train,806,1087
0,train,1262,1088
0,train,2569,1089
0,train,2790,1090
0,train,916,1091
0,train,2085,1092
0,train,115,1093
0,train,2585,1094
0,train,2575,1095
0,train,2050,1096
0,train,1371,1097
0,train,2656,1098
0,train,979,1099
0,train,1399,1100
0,train,2897,1101
0,train,2935,1102
0,train,2943,1103
0,train,1287,1104
0,train,2314,1105
0,train,996,1106
0,train,1904,1107
0,train,752,1108
0,train,2102,1109
0,train,1169,1110
0,train,236,1111
0,train,1827,1112
0,train,1922,1113
0,train,1621,1114
0,train,683,1115
0,train,2072,1116
0,train,2275,1117
0,train,2069,1118
0,train,2700,1119
0,train,2732,1120
0,train,2023,1121
0,train,903,1122
0,train,247,1123
0,train,2140,1124
0,train,2309,1125
0,train,1047,1126
0,train,2620,1127
0,train,390,1128
0,train,2940,1129
0,train,97,1130
0,train,2861,1131
0,train,557,1132
0,train,2315,1133
0,train,1475,1134
0,train,2660,1135
0,train,244,1136
0,train,1927,1137
0,train,2742,1138
0,train,360,1139
0,train,2485,1140
0,train,2872,1141
0,train,1456,1142
0,train,2983,1143
0,train,1555,1144
0,train,2321,1145
0,train,1109,1146
0,train,2756,1147
0,train,980,1148
0,train,1972,1149
0,train,1434,1150
0,train,1660,1151
0,train,1096,1152
0,train,2371,1153
0,train,1062,1154
0,train,2336,1155
0,train,197,1156
0,train,2567,1157
0,train,1754,1158
0,train,2076,1159
0,train,654,1160
0,train,1144,1161
0,train,2297,1162
0,train,2832,1163
0,train,2545,1164
0,train,2096,1165
0,train,1477,1166
0,train,111,1167
0,train,2962,1168
0,train,2089,1169
0,train,121,1170
0,train,2348,1171
0,train,1153,1172
0,train,1461,1173
0,train,2817,1174
0,train,1058,1175
0,train,2784,1176
0,train,2436,1177
0,train,1491,1178
0,train,2021,1179
0,train,1867,1180
0,train,427,1181
0,train,1743,1182
0,train,423,1183
0,train,173,1184
0,train,1187,1185
0,train,1801,1186
0,train,176,1187
0,train,169,1188
0,train,1561,1189
0,train,2231,1190
0,train,2506,1191
0,train,960,1192
0,train,609,1193
0,train,1354,1194
0,train,10,1195
0,train,2150,1196
0,train,2046,1197
0,train,1658,1198
0,train,504,1199
0,train,2555,1200
0,train,539,1201
0,train,819,1202
0,train,942,1203
0,train,1464,1204
0,train,2318,1205
0,train,2272,1206
0,train,499,1207
0,train,1857,1208
0,train,2528,1209
0,train,2947,1210
0,train,1404,1211
0,train,2257,1212
0,train,2079,1213
0,train,1599,1214
0,train,1585,1215
0,train,2115,1216
0,train,2866,1217
0,train,2801,1218
0,train,1606,1219
0,train,2846,1220
0,train,371,1221
0,train,1935,1222
0,train,138,1223
0,train,545,1224
0,train,2325,1225
0,train,2930,1226
0,train,1185,1227
0,train,1710,1228
0,train,1899,1229
0,train,2465,1230
0,train,1618,1231
0,train,1742,1232
0,train,1173,1233
0,train,1179,1234
0,train,1200,1235
0,train,2981,1236
0,train,493,1237
0,train,1191,1238
0,train,2908,1239
0,train,646,1240
0,train,1839,1241
0,train,1883,1242
0,train,1275,1243
0,train,2776,1244
0,train,1849,1245
0,train,101,1246
0,train,18,1247
0,train,394,1248
0,train,9,1249
0,train,637,1250
0,train,1313,1251
0,train,61,1252
0,train,2758,1253
0,train,166,1254
0,train,1333,1255
0,train,1054,1256
0,train,814,1257
0,train,381,1258
0,train,2844,1259
0,train,933,1260
0,train,2828,1261
0,train,1170,1262
0,train,2130,1263
0,train,526,1264
0,train,2662,1265
0,train,268,1266
0,train,1714,1267
0,train,106,1268
0,train,1063,1269
0,train,883,1270
0,train,823,1271
0,train,1212,1272
0,train,314,1273
0,train,2948,1274
0,train,1441,1275
0,train,1183,1276
0,train,1163,1277
0,train,1976,1278
0,train,2693,1279
0,train,661,1280
0,train,2651,1281
0,train,739,1282
0,train,749,1283
0,train,1696,1284
0,train,213,1285
0,train,2199,1286
0,train,777,1287
0,train,1360,1288
0,train,2661,1289
0,train,2300,1290
0,train,243,1291
0,train,2819,1292
0,train,558,1293
0,train,2902,1294
0,train,1053,1295
0,train,1315,1296
0,train,1425,1297
0,train,399,1298
0,train,573,1299
0,train,720,1300
0,train,1021,1301
0,train,2035,1302
0,train,1805,1303
0,train,898,1304
0,train,551,1305
0,train,2923,1306
0,train,2633,1307
0,train,435,1308
0,train,1453,1309
0,train,380,1310
0,train,2279,1311
0,train,491,1312
0,train,1821,1313
0,train,600,1314
0,train,2368,1315
0,train,165,1316
0,train,503,1317
0,train,1040,1318
0,train,281,1319
0,train,2952,1320
0,train,225,1321
0,train,2182,1322
0,train,1426,1323
0,train,1256,1324
0,train,1444,1325
0,train,2268,1326
0,train,446,1327
0,train,1635,1328
0,train,852,1329
0,train,282,1330
0,train,2657,1331
0,train,1634,1332
0,train,1521,1333
0,train,2984,1334
0,train,2241,1335
0,train,1098,1336
0,train,2007,1337
0,train,961,1338
0,train,751,1339
0,train,1826,1340
0,train,1834,1341
0,train,792,1342
0,train,2799,1343
0,train,876,1344
0,train,871,1345
0,train,1417,1346
0,train,1924,1347
0,train,2787,1348
0,train,302,1349
0,train,1218,1350
0,train,2180,1351
0,train,2491,1352
0,train,2016,1353
0,train,343,1354
0,train,892,1355
0,train,682,1356
0,train,287,1357
0,train,2123,1358
0,train,2350,1359
0,train,1893,1360
0,train,1678,1361
0,train,1473,1362
0,train,1112,1363
0,train,891,1364
0,train,1048,1365
0,train,1574,1366
0,train,2958,1367
0,train,495,1368
0,train,1964,1369
0,train,2228,1370
0,train,1589,1371
0,train,1749,1372
0,train,401,1373
0,train,1792,1374
0,train,2767,1375
0,train,572,1376
0,train,273,1377
0,train,1786,1378
0,train,595,1379
0,train,1156,1380
0,train,2260,1381
0,train,473,1382
0,train,2508,1383
0,train,2956,1384
0,train,370,1385
0,train,2009,1386
0,train,2723,1387
0,train,1451,1388
0,train,1808,1389
0,train,1175,1390
0,train,2753,1391
0,train,1087,1392
0,train,1819,1393
0,train,2311,1394
0,train,1570,1395
0,train,2178,1396
0,train,901,1397
0,train,1691,1398
0,train,1775,1399
0,train,179,1400
0,train,1377,1401
0,train,1774,1402
0,train,952,1403
0,train,2266,1404
0,train,1347,1405
0,train,2622,1406
0,train,2125,1407
0,train,2840,1408
0,train,2617,1409
0,train,2550,1410
0,train,2631,1411
0,train,1195,1412
0,train,2116,1413
0,train,2107,1414
0,train,1663,1415
0,train,1646,1416
0,train,2520,1417
0,train,2149,1418
0,train,1511,1419
0,train,1863,1420
0,train,886,1421
0,train,310,1422
0,train,2532,1423
0,train,2955,1424
0,train,954,1425
0,train,1057,1426
0,train,2963,1427
0,train,1265,1428
0,train,340,1429
0,train,1854,1430
0,train,711,1431
0,train,629,1432
0,train,1416,1433
0,train,1027,1434
0,train,1223,1435
0,train,1117,1436
0,train,794,1437
0,train,772,1438
0,train,2444,1439
0,train,1528,1440
0,train,2281,1441
0,train,1781,1442
0,train,1342,1443
0,train,1836,1444
0,train,2031,1445
0,train,2427,1446
0,train,625,1447
0,train,2788,1448
0,train,643,1449
0,train,2507,1450
0,train,708,1451
0,train,2359,1452
0,train,2390,1453
0,train,1785,1454
0,train,2439,1455
0,train,2862,1456
0,train,1189,1457
0,train,2531,1458
0,train,2689,1459
0,train,1982,1460
0,train,2278,1461
0,train,2629,1462
0,train,1707,1463
0,train,1482,1464
0,train,2029,1465
0,train,1953,1466
0,train,868,1467
0,train,2729,1468
0,train,1107,1469
0,train,2333,1470
0,train,1996,1471
0,train,1132,1472
0,train,1152,1473
0,train,2170,1474
0,train,1960,1475
0,train,517,1476
0,train,2380,1477
0,train,1119,1478
0,train,1501,1479
0,train,2894,1480
0,train,1524,1481
0,train,2057,1482
0,train,1930,1483
0,train,478,1484
0,train,382,1485
0,train,1361,1486
0,train,778,1487
0,train,2699,1488
0,train,2906,1489
0,train,1567,1490
0,train,2724,1491
0,train,1959,1492
0,train,231,1493
0,train,607,1494
0,train,1661,1495
0,train,2345,1496
0,train,17,1497
0,train,969,1498
0,train,1110,1499
0,train,216,1500
0,train,2195,1501
0,train,856,1502
0,train,2379,1503
0,train,2920,1504
0,train,2706,1505
0,train,351,1506
0,train,613,1507
0,train,1998,1508
0,train,50,1509
0,train,2355,1510
0,train,259,1511
0,train,79,1512
0,train,1104,1513
0,train,2487,1514
0,train,1138,1515
0,train,1683,1516
0,train,1682,1517
0,train,1364,1518
0,train,151,1519
0,train,2650,1520
0,train,631,1521
0,train,1251,1522
0,train,2698,1523
0,train,2423,1524
0,train,938,1525
0,train,562,1526
0,train,2383,1527
0,train,123,1528
0,train,2488,1529
0,train,2665,1530
0,train,1277,1531
0,train,547,1532
0,train,107,1533
0,train,1951,1534
0,train,1193,1535
0,train,2587,1536
0,train,1228,1537
0,train,2638,1538
0,train,1992,1539
0,train,2811,1540
0,train,1886,1541
0,train,2932,1542
0,train,2738,1543
0,train,159,1544
0,train,1973,1545
0,train,2838,1546
0,train,1470,1547
0,train,2299,1548
0,train,656,1549
0,train,2534,1550
0,train,2875,1551
0,train,2750,1552
0,train,1224,1553
0,train,1006,1554
0,train,848,1555
0,train,1257,1556
0,train,2078,1557
0,train,782,1558
0,train,1252,1559
0,train,2918,1560
0,train,2796,1561
0,train,1692,1562
0,train,488,1563
0,train,1913,1564
0,train,2190,1565
0,train,477,1566
0,train,2137,1567
0,train,2685,1568
0,train,1124,1569
0,train,2597,1570
0,train,2847,1571
0,train,1078,1572
0,train,285,1573
0,train,1804,1574
0,train,21,1575
0,train,2168,1576
0,train,253,1577
0,train,647,1578
0,train,2800,1579
0,train,513,1580
0,train,2694,1581
0,train,767,1582
0,train,2726,1583
0,train,2483,1584
0,train,2913,1585
0,train,758,1586
0,train,798,1587
0,train,167,1588
0,train,2049,1589
0,train,318,1590
0,train,2566,1591
0,train,2070,1592
0,train,1593,1593
0,train,649,1594
0,train,1395,1595
0,train,2048,1596
0,train,2482,1597
0,train,2171,1598
0,train,15,1599
0,train,2789,1600
0,train,2191,1601
0,train,1699,1602
0,train,1753,1603
0,train,2474,1604
0,train,1454,1605
0,train,160,1606
0,train,804,1607
0,train,448,1608
0,train,1536,1609
0,train,1780,1610
0,train,2805,1611
0,train,1267,1612
0,train,475,1613
0,train,1248,1614
0,train,1316,1615
0,train,668,1616
0,train,1866,1617
0,train,1689,1618
0,train,2020,1619
0,train,686,1620
0,train,2481,1621
0,train,816,1622
0,train,2305,1623
0,train,2571,1624
0,train,303,1625
0,train,2880,1626
0,train,658,1627
0,train,2770,1628
0,train,912,1629
0,train,842,1630
0,train,353,1631
0,train,1747,1632
0,train,1746,1633
0,train,1613,1634
0,train,1703,1635
0,train,1965,1636
0,train,1608,1637
0,train,1816,1638
0,train,1584,1639
0,train,2524,1640
0,train,1084,1641
0,train,1657,1642
0,train,2187,1643
0,train,300,1644
0,train,2586,1645
0,train,2312,1646
0,train,1724,1647
0,train,56,1648
0,train,2815,1649
0,train,2243,1650
0,train,1858,1651
0,train,1281,1652
0,train,2044,1653
0,train,1011,1654
0,train,1355,1655
0,train,1158,1656
0,train,1923,1657
0,train,2610,1658
0,train,1545,1659
0,train,1205,1660
0,train,1433,1661
0,train,516,1662
0,train,2666,1663
0,train,1460,1664
0,train,2907,1665
0,train,2836,1666
0,train,1620,1667
0,train,2514,1668
0,train,1506,1669
0,train,1790,1670
0,train,2974,1671
0,train,1176,1672
0,train,508,1673
0,train,2560,1674
0,train,1758,1675
0,train,582,1676
0,train,745,1677
0,train,1384,1678
0,train,2434,1679
0,train,2818,1680
0,train,2478,1681
0,train,1630,1682
0,train,402,1683
0,train,122,1684
0,train,1598,1685
0,train,805,1686
0,train,1093,1687
0,train,235,1688
0,train,1254,1689
0,train,1154,1690
0,train,1544,1691
0,train,2054,1692
0,train,795,1693
0,train,2916,1694
0,train,1633,1695
0,train,1414,1696
0,train,603,1697
0,train,2025,1698
0,train,2277,1699
0,train,414,1700
0,train,2798,1701
0,train,2733,1702
0,train,2722,1703
0,train,426,1704
0,train,29,1705
0,train,606,1706
0,train,2165,1707
0,train,2647,1708
0,train,1745,1709
0,train,1970,1710
0,train,864,1711
0,train,254,1712
0,train,939,1713
0,train,309,1714
0,train,2159,1715
0,train,1623,1716
0,train,2157,1717
0,train,2193,1718
0,train,1493,1719
0,train,2461,1720
0,train,546,1721
0,train,2386,1722
0,train,1622,1723
0,train,270,1724
0,train,2429,1725
0,train,2175,1726
0,train,2033,1727
0,train,1385,1728
0,train,1413,1729
0,train,951,1730
0,train,1890,1731
0,train,2330,1732
0,train,1005,1733
0,train,1056,1734
0,train,1838,1735
0,train,2898,1736
0,train,1919,1737
0,train,748,1738
0,train,7,1739
0,train,1592,1740
0,train,1668,1741
0,train,347,1742
0,train,924,1743
0,train,1402,1744
0,train,712,1745
0,train,828,1746
0,train,622,1747
0,train,564,1748
0,train,2501,1749
0,train,455,1750
0,train,2938,1751
0,train,1268,1752
0,train,750,1753
0,train,608,1754
0,train,1870,1755
0,train,2419,1756
0,train,932,1757
0,train,365,1758
0,train,2568,1759
0,train,2378,1760
0,train,2849,1761
0,train,1538,1762
0,train,1876,1763
0,train,2841,1764
0,train,2018,1765
0,train,1042,1766
0,train,190,1767
0,train,1693,1768
0,train,186,1769
0,train,1752,1770
0,train,1387,1771
0,train,278,1772
0,train,769,1773
0,train,1478,1774
0,train,389,1775
0,train,1026,1776
0,train,1043,1777
0,train,1105,1778
0,train,2109,1779
0,train,735,1780
0,train,484,1781
0,train,2232,1782
0,train,2142,1783
0,train,2863,1784
0,train,1907,1785
0,train,2504,1786
0,train,2701,1787
0,train,2513,1788
0,train,2494,1789
0,train,2731,1790
0,train,266,1791
0,train,2939,1792
0,train,1032,1793
0,train,2716,1794
0,train,202,1795
0,train,2517,1796
0,train,2215,1797
0,train,2949,1798
0,train,1828,1799
0,train,1081,1800
0,train,200,1801
0,train,1409,1802
0,train,98,1803
0,train,857,1804
0,train,280,1805
0,train,1458,1806
0,train,2083,1807
0,train,1871,1808
0,train,2641,1809
0,train,1123,1810
0,train,1914,1811
0,train,2131,1812
0,train,373,1813
0,train,1167,1814
0,train,925,1815
0,train,359,1816
0,train,344,1817
0,train,1586,1818
0,train,1911,1819
0,train,1756,1820
0,train,153,1821
0,train,1171,1822
0,train,737,1823
0,train,2552,1824
0,train,237,1825
0,train,1628,1826
0,train,1334,1827
0,train,1991,1828
0,train,1980,1829
0,train,1457,1830
0,train,263,1831
0,train,1869,1832
0,train,699,1833
0,train,1403,1834
0,train,721,1835
0,train,1214,1836
0,train,54,1837
0,train,920,1838
0,train,893,1839
0,train,2004,1840
0,train,1449,1841
0,train,1631,1842
0,train,436,1843
0,train,1070,1844
0,train,2721,1845
0,train,467,1846
0,train,2762,1847
0,train,2561,1848
0,train,1190,1849
0,train,2037,1850
0,train,1374,1851
0,train,1765,1852
0,train,2099,1853
0,train,2090,1854
0,train,2034,1855
0,train,2014,1856
0,train,2047,1857
0,train,673,1858
0,train,2100,1859
0,train,2376,1860
0,train,1429,1861
0,train,99,1862
0,train,2449,1863
0,train,1822,1864
0,train,833,1865
0,train,1595,1866
0,train,580,1867
0,train,1044,1868
0,train,2132,1869
0,train,1670,1870
0,train,2146,1871
0,train,2977,1872
0,train,521,1873
0,train,2941,1874
0,train,1500,1875
0,train,653,1876
0,train,328,1877
0,train,1954,1878
0,train,1370,1879
0,train,1576,1880
0,train,1013,1881
0,train,69,1882
0,train,335,1883
0,train,228,1884
0,train,1987,1885
0,train,1143,1886
0,train,1802,1887
0,train,2576,1888
0,train,832,1889
0,train,1452,1890
0,train,1740,1891
0,train,487,1892
0,train,2226,1893
0,train,2972,1894
0,train,2092,1895
0,train,1936,1896
0,train,1014,1897
0,train,2045,1898
0,train,2114,1899
0,train,1238,1900
0,train,1614,1901
0,train,1823,1902
0,train,948,1903
0,train,2562,1904
0,train,2928,1905
0,train,1349,1906
0,train,2878,1907
0,train,2011,1908
0,train,895,1909
0,train,13,1910
0,train,134,1911
0,train,2363,1912
0,train,2933,1913
0,train,1000,1914
0,train,392,1915
0,train,1446,1916
0,train,1472,1917
0,train,1407,1918
0,train,635,1919
0,train,2237,1920
0,train,157,1921
0,train,2858,1922
0,train,1227,1923
0,train,882,1924
0,train,1088,1925
0,train,172,1926
0,train,2202,1927
0,train,2026,1928
0,train,694,1929
0,train,86,1930
0,train,2929,1931
0,train,1664,1932
0,train,2978,1933
0,train,1126,1934
0,train,519,1935
0,train,589,1936
0,train,1766,1937
0,train,2075,1938
0,train,2810,1939
0,train,1221,1940
0,train,261,1941
0,train,451,1942
0,train,1459,1943
0,train,2498,1944
0,train,1572,1945
0,train,1393,1946
0,train,949,1947
0,train,2066,1948
0,train,2041,1949
0,train,1235,1950
0,train,1172,1951
0,train,2720,1952
0,train,2684,1953
0,train,1891,1954
0,train,2174,1955
0,train,855,1956
0,train,1085,1957
0,train,1779,1958
0,train,2038,1959
0,train,1496,1960
0,train,623,1961
0,train,1009,1962
0,train,2518,1963
0,train,126,1964
0,train,2095,1965
0,train,1440,1966
0,train,2873,1967
0,train,1029,1968
0,train,2447,1969
0,train,2703,1970
0,train,862,1971
0,train,2973,1972
0,train,458,1973
0,train,1051,1974
0,train,2870,1975
0,train,131,1976
0,train,1396,1977
0,train,1229,1978
0,train,2904,1979
0,train,2744,1980
0,train,2002,1981
0,train,482,1982
0,train,1931,1983
0,train,1831,1984
0,train,877,1985
0,train,2210,1986
0,train,2854,1987
0,train,234,1988
0,train,1563,1989
0,train,2754,1990
0,train,2852,1991
0,train,1665,1992
0,train,2308,1993
0,train,430,1994
0,train,663,1995
0,train,1260,1996
0,train,2602,1997
0,train,2162,1998
0,train,292,1999
0,train,2619,2000
0,train,229,2001
0,train,1949,2002
0,train,39,2003
0,train,2418,2004
0,train,1587,2005
0,train,801,2006
0,train,684,2007
0,train,2414,2008
0,train,1795,2009
0,train,1968,2010
0,train,2634,2011
0,train,2910,2012
0,train,183,2013
0,train,986,2014
0,train,1759,2015
0,train,2017,2016
0,train,1793,2017
0,train,320,2018
0,train,866,2019
0,train,170,2020
0,train,1037,2021
0,train,854,2022
0,train,1648,2023
0,train,2556,2024
0,train,2681,2025
0,train,2542,2026
0,train,2574,2027
0,train,2364,2028
0,train,83,2029
0,train,1406,2030
0,train,2942,2031
0,train,576,2032
0,train,1339,2033
0,train,1326,2034
0,train,1383,2035
0,train,971,2036
0,train,294,2037
0,train,1376,2038
0,train,941,2039
0,train,1157,2040
0,train,2925,2041
0,train,1864,2042
0,train,2233,2043
0,train,1432,2044
0,train,23,2045
0,train,2122,2046
0,train,1917,2047
0,train,529,2048
0,train,2493,2049
0,train,2118,2050
0,train,364,2051
0,train,2669,2052
0,train,677,2053
0,train,1216,2054
0,train,1299,2055
0,train,2426,2056
0,train,95,2057
0,train,553,2058
0,train,1340,2059
0,train,193,2060
0,train,2915,2061
0,train,522,2062
0,train,1639,2063
0,train,775,2064
0,train,729,2065
0,train,2298,2066
0,train,921,2067
0,train,2179,2068
0,train,2578,2069
0,train,2104,2070
0,train,1796,2071
0,train,1830,2072
0,train,1080,2073
0,train,419,2074
0,train,260,2075
0,train,357,2076
0,train,1811,2077
0,train,955,2078
0,train,1469,2079
0,train,1083,2080
0,train,459,2081
0,train,744,2082
0,train,1418,2083
0,train,2356,2084
0,train,2071,2085
0,train,2269,2086
0,train,1583,2087
0,train,1094,2088
0,train,2489,2089
0,train,1543,2090
0,train,1059,2091
0,train,378,2092
0,train,1651,2093
0,train,1066,2094
0,train,250,2095
0,train,1288,2096
0,train,2853,2097
0,train,630,2098
0,train,342,2099
0,train,452,2100
0,train,2922,2101
0,train,2713,2102
0,train,2727,2103
0,train,154,2104
0,train,1231,2105
0,train,1480,2106
0,train,2094,2107
0,train,1908,2108
0,train,2747,2109
0,train,2719,2110
0,train,2220,2111
0,train,1007,2112
0,train,1717,2113
0,train,2982,2114
0,train,2353,2115
0,train,2324,2116
0,train,2859,2117
0,train,1136,2118
0,train,2,2119
0,train,1818,2120
0,train,2291,2121
0,train,1282,2122
0,train,1627,2123
0,train,702,2124
0,train,334,2125
0,train,779,2126
0,train,2399,2127
0,train,1264,2128
0,train,2540,2129
0,train,1979,2130
0,train,1297,2131
0,train,1213,2132
0,train,2055,2133
0,train,536,2134
0,train,753,2135
0,train,1356,2136
0,train,1757,2137
0,train,642,2138
0,train,1868,2139
0,train,1910,2140
0,train,28,2141
0,train,312,2142
0,train,1226,2143
0,train,538,2144
0,train,1483,2145
0,train,894,2146
0,train,2082,2147
0,train,1135,2148
0,train,579,2149
0,train,896,2150
0,train,1401,2151
0,train,40,2152
0,train,870,2153
0,train,1036,2154
0,train,574,2155
0,train,1615,2156
0,train,1581,2157
0,train,2367,2158
0,train,1579,2159
0,train,2583,2160
0,train,1300,2161
0,train,1636,2162
0,train,2052,2163
0,train,2570,2164
0,train,2957,2165
0,train,2593,2166
0,train,89,2167
0,train,1019,2168
0,train,2288,2169
0,train,1978,2170
0,train,639,2171
0,train,1020,2172
0,train,68,2173
0,train,2496,2174
0,train,946,2175
0,train,843,2176
0,train,2975,2177
0,train,2289,2178
0,train,1848,2179
0,train,2946,2180
0,train,1986,2181
0,train,1363,2182
0,train,1807,2183
0,train,1855,2184
0,train,847,2185
0,train,2686,2186
0,train,350,2187
0,train,1649,2188
0,train,1101,2189
0,train,2302,2190
0,train,245,2191
0,train,212,2192
0,train,275,2193
0,train,1650,2194
0,train,87,2195
0,train,679,2196
0,train,185,2197
0,train,837,2198
0,train,1938,2199
0,train,1708,2200
0,train,1003,2201
0,train,217,2202
0,train,995,2203
0,train,1380,2204
0,train,1024,2205
0,train,1787,2206
0,train,922,2207
0,train,2964,2208
0,train,989,2209
0,train,2791,2210
0,train,714,2211
0,train,2599,2212
0,train,264,2213
0,train,604,2214
0,train,1926,2215
0,train,1877,2216
0,train,2773,2217
0,train,2850,2218
0,train,1311,2219
0,train,5,2220
0,train,983,2221
0,train,2235,2222
0,train,1552,2223
0,train,2201,2224
0,train,299,2225
0,train,841,2226
0,train,1420,2227
0,train,944,2228
0,train,1405,2229
0,train,1379,2230
0,train,2389,2231
0,train,1261,2232
0,train,1513,2233
0,train,1669,2234
0,train,2138,2235
0,train,710,2236
0,train,1386,2237
0,train,2643,2238
0,train,2521,2239
0,train,1308,2240
0,train,2523,2241
0,train,1074,2242
0,train,982,2243
0,train,2812,2244
0,train,2613,2245
0,train,2435,2246
0,train,2730,2247
0,train,988,2248
0,train,2417,2249
0,train,1086,2250
0,train,689,2251
0,train,2258,2252
0,train,1389,2253
0,train,585,2254
0,train,1582,2255
0,train,1052,2256
0,train,2027,2257
0,train,2572,2258
0,train,1120,2259
0,train,47,2260
0,train,1244,2261
0,train,906,2262
0,train,530,2263
0,train,923,2264
0,train,1142,2265
0,train,66,2266
0,train,1509,2267
0,train,1988,2268
0,train,2387,2269
0,train,306,2270
0,train,1878,2271
0,train,391,2272
0,train,715,2273
0,train,2636,2274
0,train,1844,2275
0,train,1394,2276
0,train,2663,2277
0,train,2445,2278
0,train,1322,2279
0,train,1865,2280
0,train,659,2281
0,train,2051,2282
0,train,1467,2283
0,train,1605,2284
0,train,2711,2285
0,train,977,2286
0,train,133,2287
0,train,2679,2288
0,train,2860,2289
0,train,252,2290
0,train,569,2291
0,train,2624,2292
0,train,827,2293
0,train,783,2294
0,train,1111,2295
0,train,1939,2296
0,train,2648,2297
0,train,688,2298
0,train,1290,2299
0,train,2003,2300
0,train,2454,2301
0,train,2225,2302
0,train,1031,2303
0,train,2895,2304
0,train,1208,2305
0,train,1940,2306
0,train,2388,2307
0,train,2184,2308
0,train,1012,2309
0,train,2903,2310
0,train,1247,2311
0,train,908,2312
0,train,456,2313
0,train,2006,2314
0,train,1859,2315
0,train,619,2316
0,train,2098,2317
0,train,1323,2318
0,train,35,2319
0,train,1350,2320
0,train,434,2321
0,train,2696,2322
0,train,599,2323
0,train,428,2324
0,train,1534,2325
0,train,2553,2326
0,train,1647,2327
0,train,913,2328
0,train,161,2329
0,train,1945,2330
0,train,722,2331
0,train,2173,2332
0,train,703,2333
0,train,755,2334
0,train,118,2335
0,train,1028,2336
0,train,1279,2337
0,train,1535,2338
0,train,953,2339
0,train,2871,2340
0,train,201,2341
0,train,2671,2342
0,train,407,2343
0,train,1145,2344
0,train,16,2345
0,train,1159,2346
0,train,1438,2347
0,train,136,2348
0,train,1687,2349
0,train,1035,2350
0,train,1253,2351
0,train,1632,2352
0,train,182,2353
0,train,918,2354
0,train,611,2355
0,train,809,2356
0,train,1943,2357
0,train,1050,2358
0,train,1617,2359
0,train,1485,2360
0,train,1398,2361
0,train,208,2362
0,train,85,2363
0,train,1148,2364
0,train,108,2365
0,train,445,2366
0,train,1266,2367
0,train,537,2368
0,train,500,2369
0,train,2097,2370
0,train,262,2371
0,train,1523,2372
0,train,1527,2373
0,train,690,2374
0,train,2480,2375
0,train,742,2376
0,train,2505,2377
0,train,2374,2378
0,train,927,2379
0,train,2710,2380
0,train,2539,2381
0,train,1903,2382
0,train,1829,2383
0,train,1993,2384
0,train,1199,2385
0,train,1999,2386
0,train,444,2387
0,val,497,0
0,val,2886,1
0,val,1728,2
0,val,1327,3
0,val,2293,4
0,val,1556,5
0,val,1210,6
0,val,2032,7
0,val,905,8
0,val,1522,9
0,val,2134,10
0,val,1359,11
0,val,602,12
0,val,2326,13
0,val,329,14
0,val,1989,15
0,val,1518,16
0,val,2934,17
0,val,164,18
0,val,377,19
0,val,638,20
0,val,2673,21
0,val,1307,22
0,val,2120,23
0,val,655,24
0,val,2536,25
0,val,1580,26
0,val,1984,27
0,val,2256,28
0,val,2061,29
0,val,1847,30
0,val,958,31
0,val,1531,32
0,val,914,33
0,val,1121,34
0,val,1476,35
0,val,2780,36
0,val,1861,37
0,val,1686,38
0,val,1519,39
0,val,1832,40
0,val,2702,41
0,val,2391,42
0,val,469,43
0,val,1955,44
0,val,1352,45
0,val,483,46
0,val,1041,47
0,val,723,48
0,val,1918,49
0,val,2678,50
0,val,666,51
0,val,1034,52
0,val,1560,53
0,val,2086,54
0,val,1463,55
0,val,180,56
0,val,191,57
0,val,2529,58
0,val,2564,59
0,val,2884,60
0,val,2677,61
0,val,1343,62
0,val,1559,63
0,val,387,64
0,val,349,65
0,val,84,66
0,val,531,67
0,val,1368,68
0,val,698,69
0,val,1240,70
0,val,542,71
0,val,1610,72
0,val,2000,73
0,val,2735,74
0,val,697,75
0,val,1956,76
0,val,2594,77
0,val,238,78
0,val,1108,79
0,val,826,80
0,val,2472,81
0,val,424,82
0,val,1947,83
0,val,1629,84
0,val,248,85
0,val,725,86
0,val,431,87
0,val,127,88
0,val,1255,89
0,val,2614,90
0,val,1512,91
0,val,1875,92
0,val,1125,93
0,val,2797,94
0,val,2905,95
0,val,1739,96
0,val,1220,97
0,val,315,98
0,val,1204,99
0,val,2375,100
0,val,934,101
0,val,2432,102
0,val,42,103
0,val,348,104
0,val,822,105
0,val,1367,106
0,val,409,107
0,val,2024,108
0,val,1358,109
0,val,1594,110
0,val,2349,111
0,val,384,112
0,val,398,113
0,val,2885,114
0,val,1016,115
0,val,2304,116
0,val,672,117
0,val,257,118
0,val,337,119
0,val,696,120
0,val,2674,121
0,val,388,122
0,val,2961,123
0,val,2917,124
0,val,2607,125
0,val,2282,126
0,val,1713,127
0,val,1852,128
0,val,1690,129
0,val,11,130
0,val,2259,131
0,val,1504,132
0,val,129,133
0,val,768,134
0,val,1761,135
0,val,802,136
0,val,271,137
0,val,1331,138
0,val,140,139
0,val,1490,140
0,val,1067,141
0,val,2370,142
0,val,701,143
0,val,2892,144
0,val,575,145
0,val,648,146
0,val,1095,147
0,val,836,148
0,val,2951,149
0,val,1129,150
0,val,981,151
0,val,1365,152
0,val,2543,153
0,val,2372,154
0,val,2667,155
0,val,2407,156
0,val,1643,157
0,val,1073,158
0,val,2525,159
0,val,1301,160
0,val,1332,161
0,val,1269,162
0,val,628,163
0,val,1856,164
0,val,2746,165
0,val,2976,166
0,val,2551,167
0,val,70,168
0,val,1958,169
0,val,1788,170
0,val,2384,171
0,val,1115,172
0,val,215,173
0,val,1526,174
0,val,72,175
0,val,858,176
0,val,422,177
0,val,2204,178
0,val,2761,179
0,val,2890,180
0,val,450,181
0,val,2911,182
0,val,1303,183
0,val,976,184
0,val,1494,185
0,val,1468,186
0,val,2515,187
0,val,2013,188
0,val,325,189
0,val,2400,190
0,val,117,191
0,val,641,192
0,val,1722,193
0,val,2869,194
0,val,657,195
0,val,1192,196
0,val,1901,197
0,val,568,198
0,val,2065,199
0,val,1698,200
0,val,1820,201
0,val,2546,202
0,val,930,203
0,val,561,204
0,val,2156,205
0,val,1177,206
0,val,800,207
0,val,489,208
0,val,2262,209
0,val,1873,210
0,val,2192,211
0,val,461,212
0,val,2653,213
0,val,358,214
0,val,279,215
0,val,692,216
0,val,1880,217
0,val,1320,218
0,val,1471,219
0,val,2042,220
0,val,2285,221
0,val,1217,222
0,val,1201,223
0,val,1186,224
0,val,363,225
0,val,771,226
0,val,2855,227
0,val,1294,228
0,val,2795,229
0,val,2816,230
0,val,1296,231
0,val,2135,232
0,val,62,233
0,val,2145,234
0,val,548,235
0,val,1203,236
0,val,853,237
0,val,590,238
0,val,784,239
0,val,1232,240
0,val,834,241
0,val,372,242
0,val,947,243
0,val,1263,244
0,val,494,245
0,val,2369,246
0,val,617,247
0,val,2581,248
0,val,1445,249
0,val,2937,250
0,val,1375,251
0,val,859,252
0,val,1872,253
0,val,1181,254
0,val,1230,255
0,val,2440,256
0,val,863,257
0,val,297,258
0,val,1727,259
0,val,1198,260
0,val,1719,261
0,val,2332,262
0,val,851,263
0,val,2209,264
0,val,2692,265
0,val,75,266
0,val,1725,267
0,val,1319,268
0,val,2868,269
0,val,571,270
0,val,1667,271
0,val,2354,272
0,val,2864,273
0,val,510,274
0,val,1515,275
0,val,1258,276
0,val,2334,277
0,val,1284,278
0,val,74,279
0,val,975,280
0,val,1602,281
0,val,2341,282
0,val,6,283
0,val,1975,284
0,val,139,285
0,val,78,286
0,val,1944,287
0,val,2394,288
0,val,1219,289
0,val,490,290
0,val,19,291
0,val,286,292
0,val,1150,293
0,val,1815,294
0,val,2088,295
0,val,132,296
0,val,899,297
0,val,1626,298
