pressure,ratio
501336.5861987202,0.3104550437285131
501398.42763858405,0.4497877115926242
501410.5704770178,0.3396649083164718
501371.6284784123,0.38977701279513977
501335.1684453137,0.4019322327072295
501361.47176811396,0.7780256424008491
501390.37221412355,0.06665691997761415
501407.1524906907,0.7890077975230374
501358.9588362006,0.943756687436075
501339.73657926905,0.20740504562935444
501395.6872804487,0.38256199534738156
501387.6276963548,0.33289453122686086
501374.5256804263,0.9240055942752485
501371.9276695657,0.3916404240006753
501394.64652217337,0.9960878443558726
501378.09444014565,0.5491949784722429
501348.8332945197,0.3040185962280408
501335.03506896255,0.5982310977537535
501346.43685879564,0.7716053551836776
501412.1352093006,0.7120405591044939
501351.95371994824,0.04024691966869514
501416.1157514586,0.8177881232175822
501383.2719900075,0.4178356806524073
501348.00215763174,0.690143123021595
501400.47234737047,0.5441153697805556
501418.283252446,0.37716013675443033
501373.50681509526,0.7709984535508742
501342.41885601665,0.16200066694888643
501388.02742340224,0.43360160752635774
501407.3824826881,0.080876809221233
501408.53824665037,0.7283845816817064
501395.51223504805,0.1248557805089014
501350.6379500459,0.20567986893295992
501339.60728038725,0.40662113481273915
501350.2033239637,0.6328029854521936
501344.2242604192,0.42051902340215586
501418.5810103586,0.14821865373115167
501366.3794208603,0.8063920037949948
501377.9702437324,0.5243337236670251
501414.1208615901,0.07573316010728583
501345.4003324053,0.3788742364564141
501418.16207155585,0.15427104469884187
501406.7497150129,0.7387280298241851
501399.0542747591,0.058135485406547255
501349.2414858744,0.8764705588617171
501388.64037461625,0.4195060757808196
501352.1461658825,0.7725736998032822
501420.2019956207,0.5080941594303343
501376.6620773081,0.9852688786984753
501374.5731157207,0.18209301695347122
501337.1841088559,0.12376057011379032
501381.8159674994,0.2883312056911968
501357.20630530256,0.04566381193733771
501382.3217191664,0.6346799323318244
501408.0763884131,0.846954112807202
501354.1022312215,0.6973923135894994
501378.89747755375,0.22568258201497468
501336.93783675635,0.055382192673522866
501369.9773229397,0.32492712645161476
501392.1579922611,0.8511401977346061
501416.01626462827,0.07314653928628845
501392.892256713,0.009795320460744727
501371.4857032728,0.51424952362542
501374.9473934582,0.05638092480816537
501409.1918769499,0.32379699333893164
501359.215221319,0.9349458580663292
501361.41209790506,0.8732000096239819
501389.29408752784,0.05910935637200766
501391.6490716557,0.9201771476866315
501420.00998857425,0.17171537816688243
501377.74510471575,0.9878262267007089
501337.85456639866,0.8877032651302239
501390.597666567,0.9065214034105684
501395.74694386753,0.7151919671117455
501353.36396360287,0.9928850919829799
501350.78547777794,0.5392641718725716
501343.35359916737,0.23305402448240936
501341.2047411181,0.05194249621183741
501362.6858322137,0.13362189012059353
501351.1948149021,0.8355248431594277
501346.903865421,0.7090042823903753
501372.50072620925,0.15010144808573184
501410.9497955471,0.03602794322751545
501418.76139874134,0.004526471987947533
501378.6851326784,0.12964931775037658
501376.8259148255,0.3831939308572121
501336.4916368623,0.031344826318950345
501335.6263867788,0.3877125880588101
501363.37982522196,0.3018222880773043
501370.52889818815,0.8907897393911992
501393.6577185866,0.8157693344845626
501342.9524590593,0.8016590286553806
501345.82236244425,0.006499714078933961
501417.47143487696,0.7482426231418979
501340.6569173949,0.7829130404963234
501395.0196225234,0.5212771737959992
501421.8673546738,0.44335687170452176
501402.4897842304,0.501603821600267
501417.8702946234,0.2909105662768093
501356.71005095803,0.7838448935404765
501338.6566969193,0.6034633065288149
501406.26569043455,0.6297970274101914
501398.6646341287,0.9042007713224687
501419.225735166,0.8521432562087846
501352.04933230387,0.16687468687376852
501384.42502919026,0.0033261078611131795
501390.1050070405,0.4356829288130923
501374.21411193715,0.5767495358771051
501362.9471239874,0.8543407107819272
501379.762667122,0.6109241500446027
501371.4248015529,0.531494255968153
501347.5853321408,0.3591480693243167
501373.07739689026,0.13990110584002363
501352.998303327,0.9457049514091619
501415.4847102004,0.4854590225983115
501375.4230503035,0.686920826418413
501365.6649851859,0.6188279780490171
501403.00169213646,0.5802051579998596
501397.68675849977,0.08831168432102124
501347.3698496057,0.9160830576933248
501394.99019324064,0.2170737560204864
501396.2315637502,0.41300816005091195
501366.6019061034,0.9517538321805641
501355.5951742403,0.46685559853463754
501421.3437999522,0.39390385121059657
501353.23783535813,0.16940598235650176
501338.4683682911,0.6731680276006606
501379.49226927647,0.3981622321392977
501401.0906085267,0.24796734534712048
501415.31454565213,0.9776810752528425
501361.85937669873,0.9219511246222457
501378.3765365726,0.6692616288533093
501359.6780729159,0.025596189463143196
501413.5085678612,0.21068256473794247
501399.5180993882,0.4272860871325244
501404.4561718866,0.9412591052063599
501368.88172550057,0.6204554317842556
501395.6234509688,0.38891079366650755
501404.5560834675,0.09715257652549628
501343.0180502559,0.5867852365859121
501366.5077359808,0.6337207759090651
501361.35891142633,0.3741626326183444
501393.20745377685,0.23449129818445172
501354.33979519026,0.4185901458829158
501393.4103316603,0.016128187439241656
501341.88982586545,0.6527025642753024
501392.06965400843,0.48872502695100306
501362.33263589937,0.33307192877746133
501416.2938148157,0.17443084532976944
501387.14355267654,0.6053529649228322
501377.19769093784,0.40779126625263146
501358.062118268,0.5879202782075769
501340.6296777055,0.850966091877621
501397.2625721943,0.1313453419696837
501411.1973035527,0.5437607024356087
501383.83942833066,0.9612507922197612
501420.4473299445,0.41690376389661954
501397.1932456651,0.3122139847396005
501406.07974308426,0.9645911711793558
501366.0655718112,0.6193249199126385
501379.97871197085,0.9130003873293211
501348.65557430015,0.8333287601558538
501404.6221084873,0.38407470091232615
501369.4822899434,0.8851763587199228
501361.7524992439,0.9018521918527144
501344.8025459391,0.8801905249633303
501416.6950471135,0.642099586040688
501414.8793852668,0.8340097428758816
501374.7787109392,0.7884421931987282
501347.8816529686,0.9914123723153431
501406.52113184094,0.8282258270857217
501353.7209385958,0.5417505292948638
501383.5957374578,0.23156115136724628
501353.20349106775,0.9196166966010692
501355.82373891387,0.10624209889669943
501411.3501623474,0.2871199195683891
501365.80747272866,0.27651031129952475
501388.54335209803,0.8537768330796165
501340.16362473805,0.017539022360899572
501349.097142875,0.7554233822928355
501396.31177499436,0.13209803076580962
501411.92713882093,0.42225192181511984
501361.21510816336,0.8360322500145176
501419.86631488655,0.6263158373005691
501356.91337074403,0.6580815707493238
501388.473867437,0.44112833943292484
501388.86166663177,0.5681343945023682
501400.0420337997,0.965753777700033
501405.9552357472,0.9666233909439079
501369.8131328229,0.9540193848337465
501406.42058362975,0.28178450077056905
501381.55921811843,0.6024064985375913
501360.682821941,0.7229645816992881
501348.96089262504,0.07195387137365046
501334.8123313769,0.591284636464624
501398.1956735509,0.36191777840627104
501335.66307976836,0.054008492480752374
501416.58722739207,0.3369437162241572
501341.64495470264,0.25974095068489383
501417.1534141821,0.7433722819542736
501339.0884331191,0.11543984921574761
501355.4295141061,0.028030293937971483
501382.4715352216,0.3793548775314013
501398.34644102276,0.4282168280793237
501391.91910221847,0.9422781043293165
501344.6975024678,0.039856451799457515
501352.2778705741,0.8999984166744793
501352.41611370543,0.29947797839725626
501344.1004654661,0.8124543639261682
501387.35190162685,0.635555182556951
501405.6202412625,0.4997285665782874
501417.7632067637,0.026102535811423747
501404.3162957442,0.2294258050625427
501360.6167708106,0.46473338269202824
501419.4745974853,0.8438914277031232
501403.1464708448,0.6539553144194605
501366.6609262538,0.36369511960972223
501372.7238345616,0.7360027693038448
501380.9875829807,0.2972809398020286
501337.3625682402,0.7621428895334197
501367.6683226918,0.4026487384868594
501363.8654892508,0.18169774183531184
501363.55394439836,0.8815757626592412
501357.4046633635,0.4388880960447778
501412.7194246756,0.8426800825528813
501391.37350298977,0.2305948442356551
501371.13304398995,0.043042080424855585
501386.2778942694,0.9306291913199101
501363.0121676474,0.7699537670431531
501401.99617208826,0.24611826565301992
501342.9267604937,0.5963722556821442
501383.49370411324,0.9909100370701889
501362.13749960903,0.7947479173469619
501368.1990731678,0.22758063312481333
501380.36845968635,0.19038710244774107
501351.6542175414,0.7494481563383465
501359.77109886036,0.6121194169788514
501382.86459559377,0.8382768475086083
501413.73488993075,0.12262208959811512
501405.7612569286,0.5107003540498094
501389.1180625164,0.7985921425948741
501372.39755361155,0.2220909739840591
501385.88600219064,0.3029351985422527
501352.61010564497,0.8002190703966263
501363.74131651415,0.45847317325282066
501357.8331905445,0.26547071988440635
501355.984923532,0.3319377104825716
501402.6694953535,0.029993749516377347
501335.31468522025,0.9400528591048204
501370.1739506273,0.8138221183987717
501346.58047350246,0.31190774077907135
501337.0864172719,0.463401991104607
501381.19154029485,0.848496501538182
501402.4197053251,0.39452649780177923
501416.87765353377,0.5006530732664174
501361.0124205208,0.9084728262624087
501417.6392825892,0.15599093123889088
501366.75674323866,0.936159815486038
501397.61830969364,0.08560490403160571
501412.3876896783,0.8254103725241889
501337.61319520784,0.8213016588408636
501392.65432407503,0.972240180178768
501364.86097416707,0.5594790162982493
501395.9920786602,0.047394628005830025
501352.835718432,0.560141876685016
501338.7971220735,0.36829668723677106
501375.4489603346,0.46514557923615285
501395.20160489384,0.8395400528376753
501348.51500176644,0.33897627985970613
501395.11383189936,0.6257426363047264
501349.8919952801,0.2543517947292511
501382.6450832074,0.7119145866376906
501388.1707960198,0.22044420906564746
501417.5491146402,0.9576484873627632
501409.1019226457,0.3417756361111771
501338.5918037212,0.9956027128892676
501409.6863245668,0.25282148143529215
501353.96179584117,0.9389919861483446
501364.3437160479,0.2576477897039155
501351.51034666074,0.79099543086711
501419.25450263376,0.49179211274202816
501352.56592226354,0.5771021339864952
501347.00364864175,0.03407311647772343
501388.3532038043,0.021903219726496184
501396.3497482136,0.7064540407990957
501373.27291911666,0.007584044746895394
501339.38414728234,0.7859996038216798
501404.75421794,0.9719370829169651
501341.38974825264,0.7003387631098579
501379.3890541849,0.35009353497657203
501359.2995951514,0.7278000080502042
501373.592523003,0.11941101860950214
501335.93828856456,0.011080515726413878
501391.96343317896,0.07918765874472752
501370.9891503006,0.5660332597144443
501376.00681994995,0.40065970226749853
501403.7331678447,0.24189717093257238
501347.7158849561,0.9805200966374981
501351.8106764087,0.4109466132055624
501354.5386479864,0.04276739255303905
501372.3377795075,0.5042978981195638
501356.75827087404,0.17958073505690844
501375.71068133746,0.1586218025740288
501367.13200258795,0.10726645968089182
501422.22643009794,0.6628394993243716
501343.6422166626,0.5238364187194124
501407.04285032436,0.09047565231712004
501376.6276888692,0.8319916297102834
501402.24895427405,0.9675197808463567
501408.2478879365,0.5271856594406512
501398.8768659923,0.2007380161024945
501347.3124361669,0.7541337933017525
501376.863911839,0.20374559793211985
501354.8150353477,0.45225291285181046
501351.3165867602,0.4838208263001645
501359.8729508213,0.5824840736531757
501351.1389300591,0.2734002402679839
501400.2806096698,0.2060311119162688
501393.78164547205,0.8709349402074035
501391.05931261246,0.45926931914169455
501375.1138854658,0.24970994259010154
501337.9997032857,0.467131348182871
501346.02651248715,0.4031002841816646
501335.23123832355,0.176379668673327
501334.89054077875,0.18641624542869512
501405.8815229116,0.41288375958057255
501360.91668517195,0.8446777282563427
501413.86601929035,0.13794499981490735
501344.88173556945,0.516027851766915
501383.03859977046,0.6396782331847497
501394.4894740218,0.9277482473086595
501343.2644640533,0.3574787903220354
501382.5574075204,0.3080292852680766
501403.45122798847,0.16575579160265708
501396.5895567797,0.5300742810080494
501381.5990355199,0.4319553569483342
501359.9148841721,0.5280270666278324
501418.720868826,0.8167138678221619
501335.7362447515,0.29200606957252045
501375.6357031718,0.5561409901010087
501393.4594482931,0.9397956928044092
501355.22479968367,0.622605672047664
501376.3923196259,0.09613578689963892
501379.254793412,0.7037193214953836
501405.7235419419,0.4862889761893671
501344.53041145444,0.2802310919283561
501407.7310193772,0.19456759802323795
501347.57511281176,0.9594538637307045
501391.19244572555,0.04131173206138198
501414.9610497331,0.8751570919963108
501386.91816128587,0.5323911307382336
501421.51425297384,0.3179478105492309
501355.6815025057,0.29696613069569017
501387.8764900179,0.7732772018292541
501338.11886544456,0.013103561547509853
501406.008161305,0.9972580436847895
501409.00412117125,0.4465939035816937
501386.3468813858,0.2780744989479461
501382.2225378604,0.6405033892922518
501346.87439792755,0.6688279712968984
501380.4826003716,0.7913917392397971
501356.5578353622,0.9295936588988866
501345.50191595615,0.6740624469555326
501379.0480539776,0.2623312856682344
501416.9281879129,0.7317029669708958
501405.39867293386,0.35457513205420993
501398.16913963173,0.7680091578666095
501386.00064776617,0.7215628498906906
501411.55209772906,0.4306753047137944
501406.17723079654,0.36950881051915746
501370.03107974754,0.7445841100939419
501385.3371691521,0.6245481869213362
501374.1815745553,0.8942264031398667
501399.4425081379,0.5348921216393425
501348.06661561073,0.26084023914882803
501359.0566984754,0.9008773586883304
501400.172789511,0.6792812209376389
501345.27806804975,0.14216843837724688
501350.06822892674,0.19247141845886842
501422.5598441692,0.7209252939189861
501401.2618717234,0.3009433107043575
501345.91753352835,0.9985234806767802
501355.20321688754,0.6149300890386725
501393.963690185,0.1380352546076964
501396.4380783059,0.6777863982254537
501379.3683822305,0.2261170277184779
501394.13160227385,0.10292866193128475
501416.2153162411,0.10050060206505079
501387.7648266479,0.3300691228540844
501358.56790269254,0.10494651524756711
501342.7747153577,0.9446142077106856
501377.5729328519,0.2133860701067235
501417.9665387739,0.8323113946406037
501413.14974931185,0.649472708629202
501348.33218100906,0.01812874524587168
501367.96545914235,0.8982212387983787
501368.57128080836,0.4738587573314165
501345.14621505846,0.8655169424364858
501359.41923125926,0.9769475018533548
501377.6888135519,0.03768978953542853
501400.29105866834,0.19790038945484054
501350.73146855296,0.47499094314943124
501353.6209667912,0.4055148028151728
501421.557755637,0.8976103838292926
501413.92799357604,0.6366569624448956
501361.6544996957,0.8692674482122745
501421.9907896645,0.555866623504821
501375.57421839633,0.4269203361662475
501364.7746460719,0.6939435888797179
501384.98990934534,0.8234843883236894
501415.06561754434,0.6704515055166469
501389.3731182659,0.1013721052331753
501409.5562112628,0.3512127814918483
501385.64454092464,0.6923923646695902
501403.0689683174,0.9470490817398808
501419.599311807,0.03869455102650579
501370.3396542568,0.9866325654209913
501411.82641488884,0.06108232883838563
501384.70155187,0.8724680778678229
501337.79034060607,0.3207945665682716
501419.8837109663,0.70210691830081
501365.002657512,0.17516356429421265
501345.36640975816,0.33458611863109033
501339.3156080047,0.5138749569835876
501349.6283183918,0.10545499334905918
501389.94289939076,0.46204674853416633
501392.56685312925,0.2986714719985793
501382.1645215158,0.17264011735103207
501352.9042085973,0.6881008833951338
501374.85064468865,0.5748741295290364
501340.34023583675,0.6826478930507037
501365.23272678466,0.8052974344276005
501369.66633998277,0.6575435429504969
501417.33996607235,0.8669275054820992
501344.6644224312,0.9637065709885738
501338.06029160396,0.05294696542298422
501369.11346885754,0.09416424913370702
501420.9377957335,0.7750250664995446
501385.0088053645,0.5297258194486831
501351.59334717086,0.9841058392648266
501408.1096244709,0.8624316012831141
501404.88297946466,0.08399801577371489
501372.95405195735,0.2746980613531874
501352.685857243,0.9741732828678383
501385.71887054516,0.19935429315352055
501338.32028225344,0.2670226087707533
501415.9565788747,0.6998963607614912
501343.1290881449,0.16163884655694025
501379.6848427482,0.6464930499082445
501341.01717515534,0.6375108056673112
501353.38447741,0.6044814693365784
501408.82933935063,0.49716521473017966
501337.25743360753,0.7074635686501364
501401.5025936382,0.17883888298625913
501413.55754896207,0.8379679400213293
501372.83694570983,0.9555845863354423
501400.4058518545,0.6787665586699043
501387.24707227456,0.5268533725097909
501380.71975318814,0.7531313871399584
501380.1130217026,0.6157862478138052
501346.3322001687,0.7473548220044719
501396.13247136393,0.8291256241519162
501422.2656423002,0.7646376489117311
501403.63206783927,0.9266076897103147
501336.41076611076,0.29546248987793217
501406.6903885132,0.37659963378099215
501384.1675414551,0.08413070359560502
501374.9958560114,0.45445084158769816
501409.61938881926,0.20484741253851968
501389.44022832345,0.8076324945869966
501341.5837837497,0.8715079140812717
501341.77963073546,0.5790437921964294
501413.04018491873,0.2853317913844841
501363.62231220095,0.3466888882084005
501414.0493192702,0.01959281559759038
501408.5177997876,0.17051634854168676
501375.22768963967,0.0652580397786318
501358.29405863007,0.46155806142095873
501405.00266066205,0.23610854527572303
501403.8302755333,0.21812202863742192
501358.13074041303,0.05727372936913939
501419.75026709016,0.877539225075551
501366.3349942958,0.46815168636118715
501408.3554352017,0.12611705028735973
501342.2746109953,0.015296985330370539
501351.72311074915,0.9258775014534832
501340.0508178357,0.9099074476114146
501360.22697468207,0.00033624633469961487
501346.46803063265,0.6313196303260976
501356.2754663184,0.77452694055877
501339.55303001316,0.8630566457425067
501421.09911044984,0.9697004892566164
501419.3527347692,0.11821461796232681
501388.73930550885,0.3353640770396187
501384.35627498635,0.12764365654055934
501374.09997844964,0.7970278969923439
501392.5043726665,0.799353604949377
501371.11006007774,0.06398090946474562
501375.9498904449,0.9035908071665424
501400.8511844941,0.725094887055478
501418.34187376127,0.45573779959979377
501402.84834218293,0.5935702942549428
501386.48304986255,0.13445352669828953
501341.4955222231,0.6801257316460166
501368.66866439744,0.32992978907156767
501354.2051459144,0.5152096578528748
501375.3127492251,0.5337596497545963
501385.49182044284,0.5220462751863649
501418.88226498605,0.5970246534403126
501340.39757559664,0.20158807559956252
501345.70343897905,0.6284077108519417
501402.0582848709,0.9603246225029843
501409.88435066363,0.6879986731177516
501398.81324453297,0.02382750657441587
501380.6872442884,0.3275724500735324
501396.7700130476,0.26420088955665233
501391.1338316599,0.6438706146966068
501392.31482874724,0.5690227191358127
501410.2602056846,0.23241769751150232
501365.9396121065,0.3167792498086791
501362.52990503615,0.1591175882203112
501404.3690181211,0.5031546488072395
501387.1014651735,0.5205499515581713
501343.7474454701,0.3900615710904823
501369.0111972123,0.24420976600526564
501392.7421728954,0.39933321680721307
501348.39204641106,0.7160188237959069
501408.44142842095,0.6302398759896906
501356.1529243168,0.8689622603468282
501382.44675664,0.7457868196816614
501336.3249633094,0.44436747619193934
501338.4118251609,0.17778157252552795
501411.77512549504,0.27589494816553345
501350.97847473377,0.8606071479941806
501346.7220256538,0.814282794417056
501397.42109632294,0.9113235919446743
501353.8577475149,0.43758560055799395
501338.8235816441,0.9620101266983941
501407.55351209047,0.2386259913458344
501399.65314620605,0.7920681918943596
501376.2077228355,0.3184431150676806
501420.1193760743,0.48732467985249317
501372.1015261502,0.2721980043967744
501391.49163323344,0.5852237561466981
501398.030693985,0.8645108193203761
501398.76849995647,0.5819110995081681
501353.7470548394,0.6669064990575336
501363.2459718516,0.7969477390613503
501405.24777606886,0.6556142471250548
501399.27339131973,0.2798049337614688
501407.4508602651,0.6952993509512081
501354.3800604942,0.8413129478005342
501361.5975551183,0.7101206203834048
501347.8184049436,0.7799668113310726
501415.69187254045,0.6015585157407931
501381.9575554889,0.34010582448022053
501362.35433541157,0.1604060626896512
501411.63031784585,0.9820197612417912
501394.26875323436,0.588664743953504
501345.0796157912,0.03289174010411116
501340.73490309605,0.35345550308452783
501400.57973907294,0.30747577760639094
501366.24008012854,0.7190520037283408
501348.1992885257,0.23546463318739977
501415.2021211704,0.8220594843567858
501420.4889863309,0.3644166732289209
501339.92795747716,0.3962900963918811
501383.9057111147,0.05398251254523431
501359.60285401146,0.12817010320260133
501340.28040581173,0.21900002195274076
501363.748249183,0.7932506055291639
501420.6551527898,0.28295115777108504
501419.0662831795,0.857624859755984
501377.10820082924,0.3566445453670925
501400.65869821457,0.35585731827378037
501414.5215558815,0.4231801306639278
501397.0193464135,0.14383287076173185
501412.8126057045,0.8241833791856148
501388.88621175685,0.32193435044430285
501401.60197355907,0.42972144887661723
501341.1338586913,0.6564760117862453
501363.2085160838,0.8260640335095422
501345.0124959389,0.8103648851023518
501357.54246668814,0.7378488999579926
501342.07527105405,0.11156378877975123
501351.0496756417,0.18452817765200488
501412.4976947514,0.7671124670857644
501403.2367386336,0.03512570510273445
501395.8243240239,0.3154942619236391
501367.95218290214,0.18517576086241386
501365.72639010655,0.5364270257875361
501415.4571524004,0.06040564556504771
501374.0082784787,0.4217867805585914
501347.1633843771,0.6764413169290107
501391.5195605346,0.6894352084245206
501365.3110839897,0.7325538634305008
501354.6816189155,0.22179510196491065
501344.31107511785,0.2092714913650055
501354.9422425783,0.20821465740797912
501406.7974111917,0.6089825467240895
501417.3211682844,0.7876705090469615
501360.4328461693,0.012522334611764305
501422.42121255706,0.4893912490018537
501354.0256341089,0.3625482065579033
501344.372934479,0.02226444641222257
501392.91692406184,0.8496096651513331
501390.81924036646,0.43233108392034175
501410.5431888291,0.5099586109739528
501363.0457863291,0.6071992020430018
501378.60191008315,0.16845420910679162
501394.206137833,0.01076049059647733
501337.01715640083,0.11376314234666926
501417.7133258666,0.3094910681647267
501362.060802179,0.9759209087732801
501378.97651638713,0.8041585842099227
501383.966606961,0.54037360347644
501410.87841670786,0.14114090748820607
501421.4410753113,0.5488836274674661
501407.86033801443,0.28399828248332665
501376.1235109691,0.06831406008154764
501420.3805792935,0.0811710911594788
501373.74562080926,0.7137000966870902
501404.84742791275,0.49821930321689567
501364.18902407837,0.47607599679644885
501349.02408619394,0.14996694732172997
501417.0789378826,0.9997227469463259
501371.8662049141,0.34860475265228513
501383.7077161914,0.4254219855149443
501369.7700924989,0.44540014517337434
501402.7856967549,0.922261330880148
501342.0180974238,0.19154473013574724
501368.4045877331,0.409748717771978
501367.4584327191,0.7959201250206117
501349.3296756845,0.5759868060733406
501351.4139866394,0.6857414914158372
501347.1412608928,0.4796465280830676
501369.60007618734,0.3713886980053489
501367.3930081239,0.8203294481035583
501341.3340871703,0.8560231040355073
501346.0990057186,0.38150105026000475
501368.79674819804,0.3800398198256698
501396.64669500734,0.06990546244713934
501380.316373879,0.7615636618542178
501372.19928979565,0.07877339136289221
501387.5423047063,0.24894958663751465
501338.19625730027,0.7411022085918332
501350.5546675407,0.9944639574541198
501415.8879018802,0.030456123213424134
501368.2953350388,0.188595467323763
501379.889055687,0.7143257600713562
501379.59816901566,0.1086679887556176
501362.50067961006,0.0464703452085429
501355.85079752165,0.6113239109917953
501394.7025848934,0.8821967455246501
501354.49327559903,0.5534571640065672
501349.58393294713,0.048948542962096664
501398.4881973914,0.15143363466184226
501408.7641695513,0.0020416195362980404
501349.8005984737,0.5474599838833415
501376.2678292267,0.07671189471670777
501342.52837928664,0.25543268622446347
501339.4167243128,0.37003038337672206
501399.0225436863,0.19537481760008307
501378.2408866294,0.18355170649942604
501386.0633126324,0.48094250051947685
501409.4053856518,0.120828018141378
501380.0479862004,0.28497475901989855
501401.9256723609,0.5940687765829227
501352.19095731404,0.09125843959665463
501405.3401456528,0.4702508841526104
501336.18473814253,0.5372119004732484
501344.49722971575,0.64457155891952
501383.1997056153,0.9497639075786438
501360.3362816008,0.26839105423076154
501381.44108921464,0.3430000592527891
501422.0778729627,0.746458067180809
501417.0469647862,0.6211313274973835
501335.847653766,0.3865273249366889
501401.3512081861,0.25094769096926295
501403.3353690944,0.11202528444283333
501383.4091944669,0.2144685935693819
501377.4793121184,0.1365294726876715
501416.48241395137,0.34539285734176833
501369.39855263446,0.5588869970519745
501391.27378629765,0.6988800990313754
501384.8030633329,0.5729699416222391
501420.7342534264,0.07723830276262536
501418.4779130392,0.38526132635814464
501362.84342187823,0.5734663824740149
501413.4486700355,0.005975148491957757
501363.9793216687,0.6488333478892465
501381.38974193146,0.8111917085904525
501382.9687612186,0.34999446737267054
501397.89314125344,0.6414124181256189
501410.0823604727,0.9789277737012775
501397.5526057242,0.44005896031888114
501389.80796968326,0.30650834211916766
501414.7131338627,0.43446536506849653
501384.08487263235,0.7170311273763343
501415.26157541305,0.651637651635541
501381.3094414944,0.25870934439048704
501389.58649737044,0.32554900160350303
501421.19722061674,0.05094788307089209
501400.9260221414,0.9281475664605718
501343.9753529997,0.9146279009632886
501365.5023862975,0.7347476370789845
501385.4111194976,0.845339791061225
501398.59703159815,0.7338149041872852
501396.89652510243,0.8090468363740871
501414.7784791558,0.7265720794464638
501365.91465180024,0.7804230869580111
501346.6613981044,0.5928017471073448
501364.9305746379,0.8965706959495268
501337.498256983,0.41476943410555167
501418.0782497213,0.2459603010444416
501411.2969386889,0.31411355138970537
501399.76468999346,0.2560722418497868
501354.709855206,0.7578111122578202
501357.00049293926,0.5383950280327868
501373.91910370527,0.8408652684253055
501373.17541673145,0.9837592130446996
501409.27296072204,0.48204376301083046
501354.9713652654,0.9314226952902865
501373.32991293276,0.24296944111646554
501343.62481956603,0.6725369576880434
501370.4321621816,0.5908582475392324
501400.7952408301,0.02778260347491876
501373.01845343295,0.5060226567808978
501386.83820491494,0.1631867552310126
501373.8274640378,0.5677653531759891
501364.09543359175,0.6750456233404089
501412.88784763427,0.65478603746473
501364.41339022055,0.49597158995919544
501367.5729677859,0.6618483613846206
501342.1756194871,0.22398888101971262
501408.955455759,0.8199433955997126
501382.01300196914,0.13061749388684193
501355.56004347844,0.2434548125238912
501421.63532262197,0.9234900020921771
501368.0536676192,0.595197996438392
501347.48485343833,0.1251879545295563
501358.8628098926,0.15695505861527634
501412.1494684963,0.02431277772876021
501368.65004692785,0.2155205933892036
501392.20576485014,0.5894204386681334
501395.39006015705,0.8180421414235446
501369.29085902416,0.9333759520955035
501394.8663161573,0.16416581120746082
501367.19901652035,0.9931545885967578
501407.0549941474,0.13540813878314384
501393.6053425468,0.19376455886789193
501396.7591305069,0.18089220524040578
501389.91765662574,0.7524144926298376
501380.17534781614,0.460548724545427
501410.80616978335,0.5124103400964009
501411.0334148932,0.45793305391296457
501410.6981922045,0.5833126186290511
501392.4620114697,0.1210061208178018
501379.1908000867,0.7054764406430099
501385.19001776446,0.4473291718157782
501337.4214006355,0.4516847928728314
501412.02240118914,0.18768862444617945
501388.9943618843,0.8939101984121915
501345.9001352619,0.0703990633432255
501397.37812718266,0.7240788333537178
501407.5910372558,0.14596779507477678
501388.1419048935,0.5628123006179455
501343.428669632,0.2709370489388943
501412.6097764811,0.7080558748764757
501380.5389016295,0.718799519822929
501393.1400349236,0.7847294430485147
501372.56546704174,0.5195767811096869
501341.7874906438,0.7596109346905627
501364.6627300394,0.952427809521964
501350.36915540247,0.47573567426167057
501358.53698572214,0.020522740732064493
501390.2575958685,0.7420139089052171
501387.38604437816,0.6916654202801381
501378.5407560211,0.08670846807481523
501407.7560740004,0.09884048783435755
501372.6309411823,0.9686258093355304
501381.7074679599,0.5429716890829451
501394.81159455667,0.2863182053488961
501371.7841501009,0.7519875592267732
501395.91352198325,0.7773629447804827
501419.6214358046,0.7865259891241408
501357.97049006657,0.19637207480910918
501355.0622701816,0.27186912285613113
501388.29685221514,0.09512959353278842
501367.0748442842,0.9565230214848769
501416.4075953276,0.294449144056751
501414.3568882005,0.5175960624419915
501412.2352153366,0.6162599635459699
501377.40885707404,0.3038470542495713
501402.5863785456,0.9058367118559308
501366.88031396054,0.8894725177050792
501364.52013255376,0.8840422311021584
501401.0618549568,0.49296329462604943
501421.05241328885,0.03343239798567936
501343.8697958331,0.25167385998507724
501378.4323881128,0.4242450581658333
501394.47382226976,0.2918799355527443
501362.22516858845,0.48434838188120694
501418.46020013886,0.3736574156786188
501363.44714611815,0.7503304184377607
501380.88282144745,0.5527760397229314
501395.2991353257,0.11612537381865187
501422.33068512066,0.8021074775274233
501414.2866139317,0.5115923264675568
501404.1353707125,0.9882618528025444
501386.6666490821,0.867229426228131
501364.5561577898,0.22418899592662844
501352.3257201927,0.5510076227890567
501376.3211527766,0.6002627815302335
501406.5127680148,0.886680624674085
501393.0270123429,0.35201689257321417
501408.68267990975,0.7583752627170243
501378.22646044515,0.9733840842119308
501403.3878034266,0.3605596861310013
501336.0308996633,0.3729470437345613
501360.5597443684,0.41164838400969284
501339.2173895507,0.1093699195084762
501360.05808971036,0.7766528382212096
501356.84082639817,0.8584444663884062
501361.91143488744,0.7658016337197788
501358.355748498,0.6272550593076756
501370.90200897795,0.5572891624240037
501340.9675612218,0.7236089143404412
501402.17770934186,0.45366280091087285
501338.9391898482,0.5059363176531138
501414.663311857,0.9150812856801984
501406.9562683564,0.5709962893597683
501348.12946003914,0.5649211725192302
501403.6106944219,0.14436435171099804
501348.5860363871,0.2615964703841797
501365.4291983122,0.49444548822112033
501367.3063806502,0.5505997976655509
501377.30981768057,0.46908108886843125
501356.06424620847,0.3750511988903056
501412.43509111047,0.6067862993332578
501374.3014053203,0.4042708177728641
501405.4933573211,0.3929536882020067
501419.0949719267,0.1987257905414465
501336.8183504099,0.6642520914141162
501342.6126472513,0.5847033220254783
501399.37940146984,0.47143253422720094
501344.00940672087,0.21284177436062196
501361.1027704978,0.7819957482074962
501370.7867249751,0.08911108767191019
501357.90734324575,0.39504566622570986
501358.74090722774,0.9079279891586901
501390.5276111354,0.6836157702715011
501350.23824587784,0.21663224691215394
501384.5782156503,0.5353141258691393
501349.48718950344,0.6714034371780283
501404.19462619495,0.09326597573323987
501413.67190444627,0.0013803283858996116
501415.5650492174,0.4935852463330383
501336.7694049585,0.9355279534032105
501378.8312621399,0.044193921044610986
501390.05093192554,0.15243668753038597
501397.74808114796,0.6099301745362917
501410.3802457078,0.9375911500184474
501389.51999168936,0.7636604668621284
501380.8097218212,0.5633780781504453
501360.01170304534,0.902945618077953
501342.7161967282,0.5651187570537735
501375.7876840117,0.9124512420822274
501401.2462563992,0.4482056034213365
501384.9056639876,0.5998036664458276
501409.8079474105,0.7600991005900976
501353.48907486117,0.766900825768889
501367.7157337986,0.6452345252543769
501390.9593847212,0.7569827771986085
501365.13012906205,0.34212091108425624
501335.40806510224,0.7293466443652131
501357.61788657535,0.5078631738183003
501356.50910617533,0.49025095566499804
501374.7102327646,0.9185501665677291
501336.11399152013,0.44288825088780887
501387.9214089408,0.650874846848896
501360.81689406896,0.14620373363303127
501407.2459265375,0.932345707622607
501368.3377339608,0.2397254501023516
501401.8113968432,0.477031614121456
501367.79227646335,0.3473468166735734
501407.9445951698,0.7300676449972334
501420.8155382866,0.3971785536345714
501384.5390406915,0.0725506649597509
501359.1505575847,0.4729148159014219
501386.19768152636,0.49686816608093454
501366.15331601276,0.9704964812716061
501391.8195013139,0.014617252081801934
501409.4586928749,0.2530145936420385
501389.15898988914,0.06292869407649285
501377.84350765665,0.5182353511026172
501369.2677999778,0.6635595302873609
501390.78092328674,0.8796476915593068
501393.78543927596,0.3441740225009301
501416.72702638357,0.22870530231916805
501345.5996476408,0.4081472030213793
501349.7001732121,0.8032553086021339
501370.0684709702,0.8593987314481261
501393.9117988414,0.11726691319782
501405.16341956856,0.8926226037515289
501411.13544286304,0.5467604910088915
501397.11844047677,0.4810847662741109
501356.3289907963,0.8618903137986567
501357.75048008707,0.3137972011778357
501399.8976072111,0.7354499580572387
501340.0039317518,0.6477353346798485
501386.6695601652,0.17303490160046642
501371.2242453992,0.45670230649926075
501362.7445071864,0.29353216198027465
501383.0823060077,0.11066008730685456
501334.9401791251,0.7404841780963424
501385.08718638483,0.33767898722056955
501360.2440745449,0.3670960691482633
501359.4649427568,0.5456043406836968
501343.47013681626,0.7398679312765493
501403.9183976207,0.8832965431683524
501370.6579290942,0.6675880553514603
501397.9919824583,0.8306416628573164
501381.9186148934,0.06789323344747535
501394.3160342905,0.28938464650594997
501349.9833132581,0.2634817289292366
501399.7233870586,0.9502449783919273
501348.78992678324,0.7019783927277571
501414.50041527,0.240354360642613
501385.8552569685,0.3192103212606274
501413.2958883232,0.9589207048705503
501384.23900500796,0.6659242267026875
501387.7019357392,0.23775833668353125
501404.00090273644,0.08736893011782944
501410.1405099232,0.1408475567589011
501364.06437154027,0.2695684650391533
501340.528249257,0.15722533532847638
501386.97723436786,0.6964099064224955
501377.018486741,0.6840383881595505
501353.06931434834,0.8276691311008165
501372.04575154954,0.8088202344246198
501420.2638551405,0.9104109331001364
501411.4730460431,0.36549240867157345
501346.24523494917,0.3581478255416822
501361.14187607385,0.32664807588095174
501370.31404801586,0.6380418881754015
501373.4726876507,0.43935496007661934
501390.68864846445,0.30567077574115914
501415.82249866816,0.5781676429772565
501356.4001678352,0.5025340341560214
501401.7470701242,0.8475769352251166
501385.54737732554,0.8916942808093022
501410.0217759401,0.613124257213549
501381.0565183467,0.07489393894525645
501401.5268566682,0.18986896331401992
501336.6334981893,0.09950671444086007
501382.78610942204,0.2114193662635877
501413.2774196137,0.1472139709748348
501371.30240938807,0.6948093804390171
501393.3426737794,0.7043626389709317
501349.3672824282,0.9894817284846059
501383.5606595534,0.32291002851097045
501350.8973178916,0.6591191493479616
501357.4768296949,0.8880428059707601
501389.69194777345,0.8744158938237284
501337.691684301,0.26647941461731994
501414.17925083113,0.6234427893989998
501378.03768495476,0.3284371410485826
501386.53813993075,0.15381333880194453
501399.1578723055,0.415713557299362
501365.37176907033,0.3661020327530858
501391.7313119787,0.6818791900719597
501369.0850021805,0.8955909851616765
501371.68115780345,0.09263071060569268
501358.43164381594,0.9172916394152792
501339.78670676646,0.45041472353051415
501355.3652833394,0.571797145075409
501421.7513618796,0.5544024098706362
501370.73466506065,0.008818309243501403
501374.4134744438,0.660514519178161
501412.9509897266,0.5612206670389084
501342.3586461574,0.11463408485922359
501420.9154866479,0.8556357184245557
501357.26437035843,0.1678280400360845
501358.72254700947,0.9483410754409916
501350.39757050213,0.4366869582298667
501335.4704263915,0.2771149065838062
501405.07232213835,0.9795298060414575
501376.5095675764,0.9819065894974262
501338.9768246177,0.617255368226107
501376.9687496717,0.2026608874471148
501399.9350741929,0.06499427113431243
501340.89569855866,0.878125201801588
501390.30994556757,0.10301873771646898
501357.0939989471,0.47867845230648554
501418.9586098442,0.5259803304922485
501421.890319274,0.9539690734776928
501366.9349482544,0.0825878088451676
501410.45985337044,0.9466239036840635
501402.3765760518,0.04940829036026805
